var_ref	var_pos	var_alt	clinical_significance	simplified_clinical_significance	curated_clinical_significance	accession
A	3	V	VUS	VUS	VUS	VCV000853189
Y	4	C	VUS	VUS	VUS	VCV001023327
P	7	L	VUS	VUS	VUS	VCV001450546
G	8	R	Likely benign	Benign	Benign	VCV001041530
P	9	S	VUS	VUS	VUS	VCV001485660
H	10	D	Conflicting	Conflicting	Conflicting	VCV000329693
H	10	R	VUS	VUS	VUS	VCV000981463
N	14	K	VUS	VUS	VUS	VCV001484331
A	15	T	VUS	VUS	VUS	VCV001413008
A	15	P	VUS	VUS	VUS	VCV000867204
M	26	I	VUS	VUS	VUS	VCV000329694
Q	28	R	VUS	VUS	VUS	VCV001060944
A	29	T	VUS	VUS	VUS	VCV002152597
V	30	E	VUS	VUS	VUS	VCV002122560
P	36	S	VUS	VUS	VUS	VCV001720406
P	36	H	VUS	VUS	VUS	VCV000161470
R	40	W	Pathogenic/Likely pathogenic	Pathogenic	Pathogenic	VCV000864383
R	40	P	VUS	VUS	VUS	VCV002037356
R	40	Q	Pathogenic	Pathogenic	Pathogenic	VCV000437959
R	41	W	Pathogenic	Pathogenic	Pathogenic	VCV000007418
R	41	Q	Pathogenic/Likely pathogenic	Pathogenic	Pathogenic	VCV000007421
E	42	K	Pathogenic/Likely pathogenic	Pathogenic	Pathogenic	VCV000216914
R	43	S	VUS	VUS	VUS	VCV001047499
R	43	C	Pathogenic	Pathogenic	Pathogenic	VCV000636019
R	43	L	VUS	VUS	VUS	VCV001514396
R	43	H	Pathogenic/Likely pathogenic	Pathogenic	Pathogenic	VCV000956064
T	45	A	VUS	VUS	VUS	VCV002420989
T	47	P	VUS	VUS	VUS	VCV000931935
T	47	I	VUS	VUS	VUS	VCV001435083
R	48	W	VUS	VUS	VUS	VCV001400605
A	56	T	VUS	VUS	VUS	VCV000099596
T	61	I	VUS	VUS	VUS	VCV001487506
D	65	H	Pathogenic	Pathogenic	Pathogenic	VCV000143085
V	66	F	VUS	VUS	VUS	VCV001486168
V	66	I	Benign/Likely benign	Benign	Benign	VCV000099597
A	68	V	VUS	VUS	VUS	VCV001052842
R	69	G	VUS	VUS	VUS	VCV002140522
R	69	C	Conflicting	Conflicting	Pathogenic	VCV000560444
R	69	H	Conflicting	Conflicting	Pathogenic	VCV000872652
E	71	K	VUS	VUS	VUS	VCV002197532
K	75	N	VUS	VUS	VUS	VCV001368669
I	76	F	VUS	VUS	VUS	VCV001480386
E	80	K	Pathogenic	Pathogenic	Pathogenic	VCV000099599
E	80	G	Pathogenic	Pathogenic	Pathogenic	VCV000865803
E	80	A	Pathogenic	Pathogenic	Pathogenic	VCV000007416
W	86	C	VUS	VUS	VUS	VCV000951760
K	88	E	VUS	VUS	VUS	VCV001038809
K	88	R	Conflicting	Conflicting	Pathogenic	VCV001020865
R	90	W	Conflicting	Conflicting	Pathogenic	VCV000007422
R	90	Q	VUS	VUS	VUS	VCV000452003
A	92	P	VUS	VUS	VUS	VCV001392198
A	92	T	VUS	VUS	VUS	VCV000191106
C	94	Y	VUS	VUS	VUS	VCV002012359
Q	104	R	VUS	VUS	VUS	VCV001484502
Q	111	R	VUS	VUS	VUS	VCV000498899
A	112	V	VUS	VUS	VUS	VCV000099602
R	115	W	VUS	VUS	VUS	VCV000954048
R	115	Q	VUS	VUS	VUS	VCV000950982
A	117	T	VUS	VUS	VUS	VCV001356772
A	121	V	VUS	VUS	VUS	VCV002138313
G	122	D	Benign/Likely benign	Benign	Benign	VCV000099604
T	123	A	Likely benign	Benign	Benign	VCV000766776
R	126	K	VUS	VUS	VUS	VCV001410569
R	126	S	VUS	VUS	VUS	VCV000867106
P	127	L	VUS	VUS	VUS	VCV002538604
P	127	H	VUS	VUS	VUS	VCV000872653
D	134	N	VUS	VUS	VUS	VCV000893435
P	135	T	VUS	VUS	VUS	VCV000287182
P	135	R	VUS	VUS	VUS	VCV001521633
I	138	V	VUS	VUS	VUS	VCV001349400
S	139	A	VUS	VUS	VUS	VCV001375987
Y	142	C	Conflicting	Conflicting	Benign	VCV000099605
P	145	S	VUS	VUS	VUS	VCV000936963
P	147	S	VUS	VUS	VUS	VCV001051454
G	148	R	VUS	VUS	VUS	VCV001481313
T	154	A	Conflicting	Conflicting	Benign	VCV000893436
T	155	M	VUS	VUS	VUS	VCV000859152
A	158	T	Benign/Likely benign	Benign	Benign	VCV000099608
I	162	L	VUS	VUS	VUS	VCV002151785
I	162	T	VUS	VUS	VUS	VCV001018735
W	163	R	VUS	VUS	VUS	VCV000967632
S	164	N	VUS	VUS	VUS	VCV000859372
A	166	D	VUS	VUS	VUS	VCV001930913
L	171	F	VUS	VUS	VUS	VCV001063814
A	174	V	VUS	VUS	VUS	VCV001404902
R	176	W	VUS	VUS	VUS	VCV001519409
R	176	G	VUS	VUS	VUS	VCV001482410
G	178	R	VUS	VUS	VUS	VCV002221508
G	178	A	VUS	VUS	VUS	VCV001414365
P	184	L	Benign/Likely benign	Benign	Benign	VCV000329697
T	187	I	VUS	VUS	VUS	VCV001385999
A	189	T	VUS	VUS	VUS	VCV001410915
A	189	P	VUS	VUS	VUS	VCV000894659
P	190	S	VUS	VUS	VUS	VCV000546387
A	192	D	VUS	VUS	VUS	VCV001984080
M	193	K	VUS	VUS	VUS	VCV001352289
T	194	N	VUS	VUS	VUS	VCV000943629
A	196	V	VUS	VUS	VUS	VCV001347475
P	197	L	VUS	VUS	VUS	VCV000965487
A	198	V	VUS	VUS	VUS	VCV001039633
S	206	P	VUS	VUS	VUS	VCV000892658
A	207	T	VUS	VUS	VUS	VCV001482128
G	209	E	VUS	VUS	VUS	VCV001024649
P	211	L	VUS	VUS	VUS	VCV001481939
G	217	S	VUS	VUS	VUS	VCV001369314
P	220	T	VUS	VUS	VUS	VCV002164428
M	225	L	VUS	VUS	VUS	VCV001460515
M	225	I	VUS	VUS	VUS	VCV002090236
L	229	I	VUS	VUS	VUS	VCV000866884,VCV002217502
Q	228	H	VUS	VUS	VUS	VCV000636021
G	230	R	VUS	VUS	VUS	VCV001054146
P	232	L	VUS	VUS	VUS	VCV002158655
L	237	I	VUS	VUS	VUS	VCV002196747
S	238	Y	VUS	VUS	VUS	VCV001037944
P	240	L	VUS	VUS	VUS	VCV002092810
V	242	M	Benign/Likely benign	Benign	Benign	VCV000099621
S	245	P	VUS	VUS	VUS	VCV000450613
S	245	Y	VUS	VUS	VUS	VCV001306092
A	247	D	VUS	VUS	VUS	VCV002042467
A	247	V	VUS	VUS	VUS	VCV001011387
S	252	F	VUS	VUS	VUS	VCV002056454
Y	258	C	VUS	VUS	VUS	VCV002124452
A	260	T	VUS	VUS	VUS	VCV001056244
V	264	M	VUS	VUS	VUS	VCV001465917
V	264	L	VUS	VUS	VUS	VCV001464640
D	265	Y	VUS	VUS	VUS	VCV001401412
D	265	V	VUS	VUS	VUS	VCV001056999
L	267	V	VUS	VUS	VUS	VCV001934765
F	269	Y	VUS	VUS	VUS	VCV001411397
D	271	N	VUS	VUS	VUS	VCV002274602
T	273	M	VUS	VUS	VUS	VCV000099624
F	278	L	VUS	VUS	VUS	VCV002008707
N	281	D	VUS	VUS	VUS	VCV001051600
P	282	S	VUS	VUS	VUS	VCV002117281
L	286	P	VUS	VUS	VUS	VCV000329699
Y	288	C	VUS	VUS	VUS	VCV002143877
Q	291	H	VUS	VUS	VUS	VCV000866266
I	298	N	VUS	VUS	VUS	VCV001367586
L	299	F	Likely pathogenic	Pathogenic	Pathogenic	VCV000143086
