var_ref,var_pos,var_alt,score
M,1,K,-15.054
M,1,R,-14.602
M,1,H,-14.794
M,1,E,-14.623
M,1,D,-14.745
M,1,N,-14.287
M,1,Q,-13.89
M,1,T,-12.62
M,1,S,-11.713
M,1,C,-13.919
M,1,G,-12.422
M,1,A,-11.453
M,1,V,-13.712
M,1,L,-13.857
M,1,I,-15.946
M,1,M,0
M,1,P,-12.875
M,1,Y,-14.491
M,1,F,-14.54
M,1,W,-18.108
M,2,K,-10.029
M,2,R,-10.309
M,2,H,-8.09
M,2,E,-8.552
M,2,D,-8.97
M,2,N,-7.51
M,2,Q,-6.73
M,2,T,-5.449
M,2,S,-5.362
M,2,C,-9.552
M,2,G,-7.169
M,2,A,-3.005
M,2,V,-6.259
M,2,L,-6.343
M,2,I,-8.471
M,2,M,0
M,2,P,-6.865
M,2,Y,-7.541
M,2,F,-8.172
M,2,W,-11.72
A,3,K,-10.473
A,3,R,-9.773
A,3,H,-7.738
A,3,E,-8.322
A,3,D,-7.304
A,3,N,-6.057
A,3,Q,-7.303
A,3,T,-5.09
A,3,S,-1.924
A,3,C,-7.866
A,3,G,-5.616
A,3,A,0
A,3,V,-9.301
A,3,L,-8.763
A,3,I,-11.462
A,3,M,-8.45
A,3,P,-5.693
A,3,Y,-7.609
A,3,F,-8.724
A,3,W,-11.721
Y,4,K,-12.667
Y,4,R,-10.875
Y,4,H,-10.173
Y,4,E,-12.566
Y,4,D,-12.44
Y,4,N,-11.537
Y,4,Q,-10.393
Y,4,T,-10.442
Y,4,S,-9.255
Y,4,C,-9.189
Y,4,G,-9.749
Y,4,A,-9.292
Y,4,V,-9.075
Y,4,L,-7.125
Y,4,I,-10.328
Y,4,M,-7.303
Y,4,P,-9.2
Y,4,Y,0
Y,4,F,-4.943
Y,4,W,-10.16
M,5,K,-9.299
M,5,R,-8.813
M,5,H,-8.515
M,5,E,-9.716
M,5,D,-10.014
M,5,N,-8.866
M,5,Q,-7.722
M,5,T,-7.644
M,5,S,-7.099
M,5,C,-7.989
M,5,G,-7.51
M,5,A,-7.049
M,5,V,-5.747
M,5,L,-1.891
M,5,I,-5.787
M,5,M,0
M,5,P,-6.49
M,5,Y,-5.572
M,5,F,-5.356
M,5,W,-9.969
N,6,K,-4.314
N,6,R,-3.847
N,6,H,-2.279
N,6,E,-5.512
N,6,D,-5.449
N,6,N,0
N,6,Q,-1.895
N,6,T,-3.69
N,6,S,-3.218
N,6,C,-6.664
N,6,G,-2.504
N,6,A,-2.661
N,6,V,-4.015
N,6,L,-2.811
N,6,I,-6.097
N,6,M,-4.083
N,6,P,-2.485
N,6,Y,-3.986
N,6,F,-4.815
N,6,W,-9.339
P,7,K,-8.185
P,7,R,-7.542
P,7,H,-5.276
P,7,E,-8.665
P,7,D,-9.542
P,7,N,-5.925
P,7,Q,-3.091
P,7,T,-3.701
P,7,S,-2.95
P,7,C,-6.109
P,7,G,-4.15
P,7,A,-2.814
P,7,V,-5.071
P,7,L,-4.86
P,7,I,-7.41
P,7,M,-4.506
P,7,P,0
P,7,Y,-4.424
P,7,F,-5.98
P,7,W,-11.247
G,8,K,-4.932
G,8,R,-4.758
G,8,H,-4.306
G,8,E,-6.846
G,8,D,-7.407
G,8,N,-4.13
G,8,Q,-3.381
G,8,T,-3.8
G,8,S,-2.983
G,8,C,-7.25
G,8,G,0
G,8,A,-3.062
G,8,V,-4.123
G,8,L,-4.877
G,8,I,-6.123
G,8,M,-4.518
G,8,P,-3.931
G,8,Y,-5.566
G,8,F,-6.612
G,8,W,-8.552
P,9,K,-11.094
P,9,R,-9.334
P,9,H,-5.718
P,9,E,-8.967
P,9,D,-8.833
P,9,N,-6.754
P,9,Q,-5.335
P,9,T,-5.163
P,9,S,-4.273
P,9,C,-8.456
P,9,G,-5.192
P,9,A,-4.391
P,9,V,-5.697
P,9,L,-5.506
P,9,I,-8.226
P,9,M,-5.666
P,9,P,0
P,9,Y,-5.025
P,9,F,-6.212
P,9,W,-11.214
H,10,K,-10.127
H,10,R,-8.777
H,10,H,0
H,10,E,-3.155
H,10,D,-4.139
H,10,N,-5.854
H,10,Q,-4.78
H,10,T,-7.473
H,10,S,-5.572
H,10,C,-8.66
H,10,G,-5.609
H,10,A,-6.045
H,10,V,-8.005
H,10,L,-8.213
H,10,I,-9.968
H,10,M,-9.364
H,10,P,-5.095
H,10,Y,-7.656
H,10,F,-9.114
H,10,W,-11.9
Y,11,K,-9.924
Y,11,R,-11.48
Y,11,H,-8.491
Y,11,E,-12.497
Y,11,D,-12.338
Y,11,N,-11.599
Y,11,Q,-11.092
Y,11,T,-11.623
Y,11,S,-9.73
Y,11,C,-10.613
Y,11,G,-10.68
Y,11,A,-10.816
Y,11,V,-9.755
Y,11,L,-9.635
Y,11,I,-11.084
Y,11,M,-10.816
Y,11,P,-10.265
Y,11,Y,0
Y,11,F,-5.92
Y,11,W,-14.46
S,12,K,-2.008
S,12,R,-3.291
S,12,H,-5.164
S,12,E,-7.673
S,12,D,-7.532
S,12,N,-3.629
S,12,Q,-3.096
S,12,T,-3.764
S,12,S,0
S,12,C,-8.295
S,12,G,-4.379
S,12,A,-3.514
S,12,V,-7.308
S,12,L,-7.893
S,12,I,-9.897
S,12,M,-6.777
S,12,P,-3.577
S,12,Y,-9.846
S,12,F,-10.86
S,12,W,-12.392
V,13,K,-13.045
V,13,R,-12.148
V,13,H,-9.916
V,13,E,-13.24
V,13,D,-13.924
V,13,N,-9.954
V,13,Q,-9.809
V,13,T,-7.963
V,13,S,-8.995
V,13,C,-12.74
V,13,G,-9.336
V,13,A,-7.112
V,13,V,0
V,13,L,-5.828
V,13,I,-3.979
V,13,M,-3.761
V,13,P,-9.151
V,13,Y,-10.073
V,13,F,-9.369
V,13,W,-13.656
N,14,K,-8.443
N,14,R,-9.255
N,14,H,-5.753
N,14,E,-7.885
N,14,D,-8.597
N,14,N,0
N,14,Q,-4.034
N,14,T,-8.368
N,14,S,-6.674
N,14,C,-13.278
N,14,G,-9.003
N,14,A,-9.407
N,14,V,-14.583
N,14,L,-14.136
N,14,I,-16.173
N,14,M,-13.556
N,14,P,-8.31
N,14,Y,-13.198
N,14,F,-16.304
N,14,W,-17.51
A,15,K,-11.865
A,15,R,-9.601
A,15,H,-9.558
A,15,E,-11.116
A,15,D,-11.687
A,15,N,-7.773
A,15,Q,-8.231
A,15,T,-6.3
A,15,S,-4.237
A,15,C,-10.424
A,15,G,-3.101
A,15,A,0
A,15,V,-10.073
A,15,L,-11.786
A,15,I,-13.626
A,15,M,-10.383
A,15,P,-7.121
A,15,Y,-13.41
A,15,F,-13.965
A,15,W,-15.216
L,16,K,-15.749
L,16,R,-13.053
L,16,H,-11.125
L,16,E,-15.441
L,16,D,-16.886
L,16,N,-13.572
L,16,Q,-11.044
L,16,T,-11.247
L,16,S,-10.86
L,16,C,-12.985
L,16,G,-12.002
L,16,A,-10.139
L,16,V,-9.012
L,16,L,0
L,16,I,-9.646
L,16,M,-7.011
L,16,P,-10.697
L,16,Y,-11.691
L,16,F,-9.318
L,16,W,-14.43
A,17,K,-13.773
A,17,R,-12.959
A,17,H,-12.884
A,17,E,-10.906
A,17,D,-12.651
A,17,N,-11.041
A,17,Q,-10.713
A,17,T,-7.604
A,17,S,-8.465
A,17,C,-12.9
A,17,G,-8.229
A,17,A,0
A,17,V,-7.372
A,17,L,-10.867
A,17,I,-10.351
A,17,M,-8.804
A,17,P,-10.511
A,17,Y,-15.55
A,17,F,-14.04
A,17,W,-17.973
L,18,K,-15.06
L,18,R,-11.809
L,18,H,-8.73
L,18,E,-13.439
L,18,D,-14.236
L,18,N,-10.735
L,18,Q,-9.727
L,18,T,-8.527
L,18,S,-8.273
L,18,C,-10.509
L,18,G,-7.975
L,18,A,-7.371
L,18,V,-7.264
L,18,L,0
L,18,I,-8.162
L,18,M,-4.72
L,18,P,-9.628
L,18,Y,-7.515
L,18,F,-6.734
L,18,W,-12.871
S,19,K,-10.02
S,19,R,-7.849
S,19,H,-6.077
S,19,E,-10.703
S,19,D,-10.458
S,19,N,-5.049
S,19,Q,-5.039
S,19,T,-3.617
S,19,S,0
S,19,C,-7.253
S,19,G,-4.024
S,19,A,-2.352
S,19,V,-7.472
S,19,L,-9.219
S,19,I,-10.21
S,19,M,-7.878
S,19,P,-4.847
S,19,Y,-9.996
S,19,F,-10.984
S,19,W,-14.247
G,20,K,-13.204
G,20,R,-9.919
G,20,H,-8.174
G,20,E,-12.389
G,20,D,-12.789
G,20,N,-9.037
G,20,Q,-7.598
G,20,T,-6.291
G,20,S,-5.395
G,20,C,-8.767
G,20,G,0
G,20,A,-3.889
G,20,V,-5.983
G,20,L,-7.494
G,20,I,-9.444
G,20,M,-7.105
G,20,P,-7.008
G,20,Y,-9.487
G,20,F,-10.381
G,20,W,-13.487
P,21,K,-13.953
P,21,R,-11.023
P,21,H,-8.912
P,21,E,-14.12
P,21,D,-13.928
P,21,N,-10.064
P,21,Q,-9.178
P,21,T,-7.806
P,21,S,-6.808
P,21,C,-9.59
P,21,G,-7.868
P,21,A,-6.034
P,21,V,-9.401
P,21,L,-10.32
P,21,I,-11.859
P,21,M,-10.256
P,21,P,0
P,21,Y,-11.992
P,21,F,-12.201
P,21,W,-16.162
S,22,K,-9.633
S,22,R,-8.367
S,22,H,-7.527
S,22,E,-9.072
S,22,D,-9.109
S,22,N,-6.278
S,22,Q,-6.577
S,22,T,-2.3
S,22,S,0
S,22,C,-5.622
S,22,G,-2.695
S,22,A,-1.005
S,22,V,-2.56
S,22,L,-6.942
S,22,I,-6.613
S,22,M,-3.512
S,22,P,-3.068
S,22,Y,-9.71
S,22,F,-9.21
S,22,W,-13.487
V,23,K,-14.442
V,23,R,-12.828
V,23,H,-11.459
V,23,E,-13.856
V,23,D,-14.809
V,23,N,-13.427
V,23,Q,-11.008
V,23,T,-8.766
V,23,S,-9.659
V,23,C,-11.347
V,23,G,-9.632
V,23,A,-6.693
V,23,V,0
V,23,L,-5.836
V,23,I,-6.562
V,23,M,-2.539
V,23,P,-7.706
V,23,Y,-10.134
V,23,F,-9.627
V,23,W,-13.99
D,24,K,-14.513
D,24,R,-14.551
D,24,H,-10.587
D,24,E,-6.425
D,24,D,0
D,24,N,-10.28
D,24,Q,-11.683
D,24,T,-11.907
D,24,S,-10.176
D,24,C,-13.081
D,24,G,-8.568
D,24,A,-11.005
D,24,V,-15.158
D,24,L,-15.865
D,24,I,-18.075
D,24,M,-16.451
D,24,P,-8.844
D,24,Y,-14.753
D,24,F,-16.676
D,24,W,-17.973
L,25,K,-14.432
L,25,R,-11.422
L,25,H,-10.695
L,25,E,-16.243
L,25,D,-15.685
L,25,N,-13.782
L,25,Q,-11.339
L,25,T,-10.258
L,25,S,-10.28
L,25,C,-11.004
L,25,G,-11.239
L,25,A,-10.018
L,25,V,-7.671
L,25,L,0
L,25,I,-7.461
L,25,M,-6.219
L,25,P,-7.533
L,25,Y,-8.322
L,25,F,-6.265
L,25,W,-11.672
M,26,K,-11.581
M,26,R,-7.401
M,26,H,-2.088
M,26,E,-11.487
M,26,D,-12.713
M,26,N,-8.617
M,26,Q,-3.596
M,26,T,-6.361
M,26,S,-6.498
M,26,C,-4.753
M,26,G,-7.073
M,26,A,-6.447
M,26,V,-4.142
M,26,L,-1.394
M,26,I,-5.114
M,26,M,0
M,26,P,-4.712
M,26,Y,-5.798
M,26,F,-4.788
M,26,W,-10.244
H,27,K,-9.475
H,27,R,-6.241
H,27,H,0
H,27,E,-14.417
H,27,D,-13.67
H,27,N,-8.815
H,27,Q,-6.481
H,27,T,-8.06
H,27,S,-7.133
H,27,C,-10.598
H,27,G,-7.614
H,27,A,-7.891
H,27,V,-10.864
H,27,L,-9.871
H,27,I,-13.079
H,27,M,-11.657
H,27,P,-6.085
H,27,Y,-9.6
H,27,F,-12.505
H,27,W,-13.056
Q,28,K,-6.74
Q,28,R,-3.778
Q,28,H,-2.989
Q,28,E,-7.873
Q,28,D,-7.291
Q,28,N,-5.442
Q,28,Q,0
Q,28,T,-2.105
Q,28,S,-0.515
Q,28,C,-3.801
Q,28,G,-2.093
Q,28,A,-1.69
Q,28,V,-7.176
Q,28,L,-6.097
Q,28,I,-10.1
Q,28,M,-6.915
Q,28,P,1.771
Q,28,Y,-7.349
Q,28,F,-8.308
Q,28,W,-10.609
A,29,K,-9.403
A,29,R,-5.459
A,29,H,-6.87
A,29,E,-10.591
A,29,D,-9.799
A,29,N,-6.768
A,29,Q,-7.171
A,29,T,-4.009
A,29,S,-3.476
A,29,C,-6.74
A,29,G,-4.46
A,29,A,0
A,29,V,-6.858
A,29,L,-7.329
A,29,I,-8.932
A,29,M,-7.185
A,29,P,-4.289
A,29,Y,-8.64
A,29,F,-8.739
A,29,W,-11.928
V,30,K,-11.225
V,30,R,-10.123
V,30,H,-9.968
V,30,E,-12.704
V,30,D,-13.538
V,30,N,-10.502
V,30,Q,-9.377
V,30,T,-7.254
V,30,S,-7.633
V,30,C,-9.009
V,30,G,-6.751
V,30,A,-5.344
V,30,V,0
V,30,L,-5.598
V,30,I,-5.782
V,30,M,-5.285
V,30,P,-8.093
V,30,Y,-8.094
V,30,F,-6.939
V,30,W,-11.804
P,31,K,-10.449
P,31,R,-7.528
P,31,H,-5.339
P,31,E,-8.615
P,31,D,-8.315
P,31,N,-5.495
P,31,Q,-5.87
P,31,T,-5.164
P,31,S,-4.026
P,31,C,-6.781
P,31,G,-3.382
P,31,A,-2.969
P,31,V,-5.917
P,31,L,-6.279
P,31,I,-8.647
P,31,M,-7.024
P,31,P,0
P,31,Y,-7.918
P,31,F,-7.851
P,31,W,-12.697
Y,32,K,-16.442
Y,32,R,-13.063
Y,32,H,-9.061
Y,32,E,-12.019
Y,32,D,-11.266
Y,32,N,-11.22
Y,32,Q,-10.467
Y,32,T,-11.994
Y,32,S,-10.147
Y,32,C,-8.267
Y,32,G,-10.28
Y,32,A,-10.056
Y,32,V,-10.204
Y,32,L,-9.047
Y,32,I,-11.738
Y,32,M,-10.929
Y,32,P,-9.875
Y,32,Y,0
Y,32,F,-6.924
Y,32,W,-10.106
P,33,K,-14.98
P,33,R,-11.813
P,33,H,-10.041
P,33,E,-12.41
P,33,D,-13.833
P,33,N,-11.322
P,33,Q,-8.43
P,33,T,-8.583
P,33,S,-7.352
P,33,C,-11.944
P,33,G,-8.537
P,33,A,-7.223
P,33,V,-9.687
P,33,L,-8.039
P,33,I,-11.481
P,33,M,-9.934
P,33,P,0
P,33,Y,-12.051
P,33,F,-11.262
P,33,W,-13.557
S,34,K,-11.474
S,34,R,-9.71
S,34,H,-7.314
S,34,E,-9.598
S,34,D,-9.306
S,34,N,-4.442
S,34,Q,-6.238
S,34,T,-4.244
S,34,S,0
S,34,C,-6.196
S,34,G,-2.858
S,34,A,-2.754
S,34,V,-5.424
S,34,L,-6.873
S,34,I,-7.935
S,34,M,-6.76
S,34,P,-4.314
S,34,Y,-9.61
S,34,F,-8.167
S,34,W,-11.885
A,35,K,-9.9
A,35,R,-9.976
A,35,H,-7.935
A,35,E,-9.88
A,35,D,-11.745
A,35,N,-6.08
A,35,Q,-6.461
A,35,T,-1.2
A,35,S,-8.099
A,35,C,-8.243
A,35,G,-6.36
A,35,A,0
A,35,V,-6.577
A,35,L,-8.437
A,35,I,-8.089
A,35,M,-7.571
A,35,P,-5.95
A,35,Y,-10.12
A,35,F,-10.392
A,35,W,-14.177
P,36,K,-12.009
P,36,R,-9.888
P,36,H,-10.906
P,36,E,-16.209
P,36,D,-17.823
P,36,N,-10.068
P,36,Q,-8.004
P,36,T,-8.847
P,36,S,-8.941
P,36,C,-11.514
P,36,G,-9.21
P,36,A,-7.725
P,36,V,-10.971
P,36,L,-11.753
P,36,I,-12.558
P,36,M,-14.176
P,36,P,0
P,36,Y,-14.332
P,36,F,-15.442
P,36,W,-18.234
R,37,K,-9.344
R,37,R,0
R,37,H,-12.734
R,37,E,-16.264
R,37,D,-18.276
R,37,N,-15.705
R,37,Q,-11.045
R,37,T,-12.715
R,37,S,-12.641
R,37,C,-12.559
R,37,G,-12.428
R,37,A,-12.595
R,37,V,-13.114
R,37,L,-14.127
R,37,I,-14.319
R,37,M,-13.902
R,37,P,-11.51
R,37,Y,-17.107
R,37,F,-17.495
R,37,W,-14.047
K,38,K,0
K,38,R,-9.591
K,38,H,-15
K,38,E,-20.02
K,38,D,-22.597
K,38,N,-13.819
K,38,Q,-15.044
K,38,T,-15.864
K,38,S,-15.887
K,38,C,-17.777
K,38,G,-15.56
K,38,A,-16.429
K,38,V,-18.45
K,38,L,-14.493
K,38,I,-18.462
K,38,M,-15.915
K,38,P,-14.874
K,38,Y,-18.113
K,38,F,-19.053
K,38,W,-17.448
Q,39,K,-8.784
Q,39,R,-10.08
Q,39,H,-9.689
Q,39,E,-10.361
Q,39,D,-15.672
Q,39,N,-11.973
Q,39,Q,0
Q,39,T,-12.478
Q,39,S,-12.237
Q,39,C,-14.027
Q,39,G,-12.314
Q,39,A,-12.478
Q,39,V,-12.398
Q,39,L,-10.798
Q,39,I,-13.516
Q,39,M,-12.113
Q,39,P,-9.256
Q,39,Y,-13.801
Q,39,F,-14.878
Q,39,W,-15.326
R,40,K,-12.247
R,40,R,0
R,40,H,-12.689
R,40,E,-15.826
R,40,D,-19.345
R,40,N,-18.166
R,40,Q,-12.253
R,40,T,-15.307
R,40,S,-14.185
R,40,C,-13.025
R,40,G,-11.852
R,40,A,-14.224
R,40,V,-14.506
R,40,L,-15.203
R,40,I,-14.561
R,40,M,-14.147
R,40,P,-14.335
R,40,Y,-17.68
R,40,F,-17.316
R,40,W,-12.676
R,41,K,-13.921
R,41,R,0
R,41,H,-11.864
R,41,E,-16.273
R,41,D,-19.373
R,41,N,-15.631
R,41,Q,-13.315
R,41,T,-17.565
R,41,S,-14.684
R,41,C,-12.325
R,41,G,-15.077
R,41,A,-17.107
R,41,V,-19.73
R,41,L,-16.537
R,41,I,-16.657
R,41,M,-17.403
R,41,P,-14.121
R,41,Y,-17.312
R,41,F,-20.705
R,41,W,-13.076
E,42,K,-13.592
E,42,R,-16.738
E,42,H,-13.615
E,42,E,0
E,42,D,-10.984
E,42,N,-13.238
E,42,Q,-12.554
E,42,T,-16.142
E,42,S,-15.947
E,42,C,-16.564
E,42,G,-14.093
E,42,A,-13.411
E,42,V,-14.241
E,42,L,-15.565
E,42,I,-15.679
E,42,M,-16.07
E,42,P,-15.438
E,42,Y,-13.548
E,42,F,-17.019
E,42,W,-18.598
R,43,K,-14.64
R,43,R,0
R,43,H,-12.88
R,43,E,-16.598
R,43,D,-19.184
R,43,N,-17.772
R,43,Q,-14.639
R,43,T,-15.301
R,43,S,-15.061
R,43,C,-12.923
R,43,G,-12.668
R,43,A,-15.731
R,43,V,-18.736
R,43,L,-14.693
R,43,I,-16.08
R,43,M,-17.102
R,43,P,-13.532
R,43,Y,-17.601
R,43,F,-17.452
R,43,W,-12.819
T,44,K,-13.333
T,44,R,-11.56
T,44,H,-17.536
T,44,E,-18.093
T,44,D,-18.047
T,44,N,-15.611
T,44,Q,-15.416
T,44,T,0
T,44,S,-12.497
T,44,C,-15.735
T,44,G,-18.086
T,44,A,-12.226
T,44,V,-15.122
T,44,L,-16.865
T,44,I,-11.76
T,44,M,-12.684
T,44,P,-15.727
T,44,Y,-17.964
T,44,F,-17.602
T,44,W,-19.722
T,45,K,-13.805
T,45,R,-14.603
T,45,H,-15.532
T,45,E,-19.393
T,45,D,-21.631
T,45,N,-15.959
T,45,Q,-17.048
T,45,T,0
T,45,S,-12.912
T,45,C,-17.218
T,45,G,-19.065
T,45,A,-13.453
T,45,V,-16.494
T,45,L,-18.309
T,45,I,-14.242
T,45,M,-15.691
T,45,P,-17.786
T,45,Y,-20.164
T,45,F,-19.708
T,45,W,-21.914
F,46,K,-22.897
F,46,R,-20.408
F,46,H,-17.964
F,46,E,-22.492
F,46,D,-21.638
F,46,N,-21.205
F,46,Q,-20.454
F,46,T,-20.775
F,46,S,-17.635
F,46,C,-17.269
F,46,G,-20.982
F,46,A,-20.15
F,46,V,-18.112
F,46,L,-13.902
F,46,I,-17.776
F,46,M,-18.414
F,46,P,-18.149
F,46,Y,-9.678
F,46,F,0
F,46,W,-15.818
T,47,K,-13.376
T,47,R,-11.374
T,47,H,-14.625
T,47,E,-15.848
T,47,D,-16.256
T,47,N,-10.209
T,47,Q,-12.16
T,47,T,0
T,47,S,-6.055
T,47,C,-11.842
T,47,G,-13.96
T,47,A,-10.323
T,47,V,-14.366
T,47,L,-11.956
T,47,I,-12.274
T,47,M,-13.399
T,47,P,-11.308
T,47,Y,-16.911
T,47,F,-15.668
T,47,W,-18.287
R,48,K,-6.659
R,48,R,0
R,48,H,-10.867
R,48,E,-10.692
R,48,D,-13.416
R,48,N,-11.887
R,48,Q,-7.924
R,48,T,-10.387
R,48,S,-9.583
R,48,C,-12.828
R,48,G,-10.667
R,48,A,-9.573
R,48,V,-11.001
R,48,L,-9.158
R,48,I,-11.556
R,48,M,-12.474
R,48,P,-9.63
R,48,Y,-15.367
R,48,F,-14.598
R,48,W,-12.562
S,49,K,-6.27
S,49,R,-6.059
S,49,H,-5.635
S,49,E,-5.183
S,49,D,-6.728
S,49,N,-5.25
S,49,Q,-2.566
S,49,T,-5.111
S,49,S,0
S,49,C,-5.999
S,49,G,-4.389
S,49,A,-1.727
S,49,V,-5.564
S,49,L,-4.278
S,49,I,-6.685
S,49,M,-6.392
S,49,P,-5.827
S,49,Y,-5.936
S,49,F,-6.37
S,49,W,-7.603
Q,50,K,-12.662
Q,50,R,-12.744
Q,50,H,-12.392
Q,50,E,-14.61
Q,50,D,-16.261
Q,50,N,-14.352
Q,50,Q,0
Q,50,T,-12.784
Q,50,S,-14.675
Q,50,C,-17.229
Q,50,G,-15.434
Q,50,A,-12.525
Q,50,V,-14.326
Q,50,L,-13.904
Q,50,I,-16.112
Q,50,M,-13.755
Q,50,P,-14.57
Q,50,Y,-16.238
Q,50,F,-18.115
Q,50,W,-19.641
L,51,K,-15.351
L,51,R,-14.13
L,51,H,-15.321
L,51,E,-17.865
L,51,D,-21.455
L,51,N,-17.696
L,51,Q,-11.741
L,51,T,-13.059
L,51,S,-13.836
L,51,C,-15.33
L,51,G,-17.445
L,51,A,-14.527
L,51,V,-10.622
L,51,L,0
L,51,I,-8.955
L,51,M,-9.627
L,51,P,-16.747
L,51,Y,-16.068
L,51,F,-12.413
L,51,W,-16.126
E,52,K,-8.38
E,52,R,-10.077
E,52,H,-7.762
E,52,E,0
E,52,D,-3.444
E,52,N,-4.659
E,52,Q,-6.182
E,52,T,-4.949
E,52,S,-5.449
E,52,C,-8.611
E,52,G,-7.753
E,52,A,-4.243
E,52,V,-7.161
E,52,L,-7.381
E,52,I,-7.864
E,52,M,-7.51
E,52,P,-14.014
E,52,Y,-10.02
E,52,F,-10.462
E,52,W,-13.379
E,53,K,-6.351
E,53,R,-6.645
E,53,H,-6.266
E,53,E,0
E,53,D,-5.902
E,53,N,-7
E,53,Q,-3.345
E,53,T,-1.763
E,53,S,-5.641
E,53,C,-6.187
E,53,G,-6.951
E,53,A,-2.589
E,53,V,1.714
E,53,L,-1.162
E,53,I,0.274
E,53,M,-2.578
E,53,P,-9.04
E,53,Y,-7.762
E,53,F,-7.156
E,53,W,-9.803
L,54,K,-20.967
L,54,R,-17.14
L,54,H,-17.583
L,54,E,-18.68
L,54,D,-21.656
L,54,N,-22.258
L,54,Q,-15.234
L,54,T,-17.296
L,54,S,-16.536
L,54,C,-16.751
L,54,G,-19.909
L,54,A,-15.395
L,54,V,-13.44
L,54,L,0
L,54,I,-15.521
L,54,M,-9.046
L,54,P,-13.801
L,54,Y,-19.157
L,54,F,-13.953
L,54,W,-17.828
E,55,K,-11.608
E,55,R,-15.362
E,55,H,-13.021
E,55,E,0
E,55,D,-6.09
E,55,N,-10.856
E,55,Q,-9.828
E,55,T,-13.159
E,55,S,-13.275
E,55,C,-15.054
E,55,G,-10.779
E,55,A,-11.536
E,55,V,-11.031
E,55,L,-13.946
E,55,I,-14.184
E,55,M,-14.31
E,55,P,-17.644
E,55,Y,-15.146
E,55,F,-16.401
E,55,W,-18.124
A,56,K,-7.635
A,56,R,-6.734
A,56,H,-7.721
A,56,E,-7.333
A,56,D,-7.663
A,56,N,-5.555
A,56,Q,-7.203
A,56,T,-5.289
A,56,S,-3.912
A,56,C,-7.533
A,56,G,-3.966
A,56,A,0
A,56,V,-7.135
A,56,L,-6.634
A,56,I,-8.653
A,56,M,-7.581
A,56,P,-10.272
A,56,Y,-9.821
A,56,F,-8.543
A,56,W,-10.203
L,57,K,-15.474
L,57,R,-12.993
L,57,H,-8.544
L,57,E,-15.126
L,57,D,-15.056
L,57,N,-9.615
L,57,Q,-11.123
L,57,T,-11.897
L,57,S,-9.802
L,57,C,-7.425
L,57,G,-14.566
L,57,A,-10.782
L,57,V,-8.877
L,57,L,0
L,57,I,-9.312
L,57,M,-9.562
L,57,P,-15.611
L,57,Y,-7.192
L,57,F,-8.92
L,57,W,-9.79
F,58,K,-20.147
F,58,R,-19.498
F,58,H,-16.878
F,58,E,-18.745
F,58,D,-19.204
F,58,N,-18.773
F,58,Q,-17.81
F,58,T,-17.269
F,58,S,-14.022
F,58,C,-13.041
F,58,G,-19.282
F,58,A,-16.5
F,58,V,-12.857
F,58,L,-10.221
F,58,I,-16.34
F,58,M,-14.204
F,58,P,-18.553
F,58,Y,-9.458
F,58,F,0
F,58,W,-14.426
A,59,K,-8.661
A,59,R,-8.309
A,59,H,-7.812
A,59,E,-7.815
A,59,D,-9.145
A,59,N,-6.761
A,59,Q,-5.879
A,59,T,-6.38
A,59,S,-4.785
A,59,C,-8.47
A,59,G,-4.951
A,59,A,0
A,59,V,-7.566
A,59,L,-6.754
A,59,I,-9.213
A,59,M,-8.753
A,59,P,-9.206
A,59,Y,-10.736
A,59,F,-10.3
A,59,W,-11.664
K,60,K,0
K,60,R,-6.651
K,60,H,-10.745
K,60,E,-9.504
K,60,D,-12.594
K,60,N,-10.538
K,60,Q,-7.376
K,60,T,-10.351
K,60,S,-10.693
K,60,C,-12.568
K,60,G,-12.949
K,60,A,-11.178
K,60,V,-10.515
K,60,L,-9.995
K,60,I,-12.049
K,60,M,-12.56
K,60,P,-13.657
K,60,Y,-15.083
K,60,F,-13.264
K,60,W,-14.684
T,61,K,-10.933
T,61,R,-11.461
T,61,H,-13.415
T,61,E,-11.687
T,61,D,-10.866
T,61,N,-6.887
T,61,Q,-14.981
T,61,T,0
T,61,S,-4.953
T,61,C,-7.878
T,61,G,-10.27
T,61,A,-7.424
T,61,V,-9.007
T,61,L,-12.126
T,61,I,-9.816
T,61,M,-12.825
T,61,P,-12.114
T,61,Y,-11.075
T,61,F,-12.731
T,61,W,-13.569
Q,62,K,-1.036
Q,62,R,0.894
Q,62,H,-2.97
Q,62,E,-9.195
Q,62,D,-11.534
Q,62,N,-8.784
Q,62,Q,0
Q,62,T,-8.929
Q,62,S,-6.717
Q,62,C,-7.016
Q,62,G,-9.538
Q,62,A,-7.501
Q,62,V,-10.894
Q,62,L,-7.819
Q,62,I,-10.915
Q,62,M,-7.63
Q,62,P,-3.102
Q,62,Y,-11.51
Q,62,F,-13.309
Q,62,W,-9.447
Y,63,K,-18.955
Y,63,R,-18.24
Y,63,H,-13.756
Y,63,E,-18.084
Y,63,D,-16.514
Y,63,N,-17.17
Y,63,Q,-18.607
Y,63,T,-17.736
Y,63,S,-16.853
Y,63,C,-14.777
Y,63,G,-18.654
Y,63,A,-17.152
Y,63,V,-17.344
Y,63,L,-16.063
Y,63,I,-19.135
Y,63,M,-18.915
Y,63,P,-19.537
Y,63,Y,0
Y,63,F,-11.144
Y,63,W,-16.858
P,64,K,-18.351
P,64,R,-15.946
P,64,H,-15.008
P,64,E,-18.736
P,64,D,-19.029
P,64,N,-16.223
P,64,Q,-14.718
P,64,T,-13.21
P,64,S,-13.081
P,64,C,-15.376
P,64,G,-15.494
P,64,A,-10.624
P,64,V,-14.346
P,64,L,-14.118
P,64,I,-17.318
P,64,M,-17.387
P,64,P,0
P,64,Y,-18.029
P,64,F,-19.44
P,64,W,-19.387
D,65,K,-15.921
D,65,R,-17.198
D,65,H,-13.922
D,65,E,-11.006
D,65,D,0
D,65,N,-11.954
D,65,Q,-16.409
D,65,T,-16.185
D,65,S,-15.034
D,65,C,-14.29
D,65,G,-12.578
D,65,A,-12.953
D,65,V,-14.096
D,65,L,-18.016
D,65,I,-18.498
D,65,M,-19.521
D,65,P,-16.223
D,65,Y,-13.652
D,65,F,-17.223
D,65,W,-19.79
V,66,K,-14.342
V,66,R,-12.875
V,66,H,-15.571
V,66,E,-16.49
V,66,D,-13.871
V,66,N,-12.731
V,66,Q,-15.206
V,66,T,-12.042
V,66,S,-12.317
V,66,C,-14.118
V,66,G,-12.664
V,66,A,-9.751
V,66,V,0
V,66,L,-8.458
V,66,I,-3.078
V,66,M,-7.655
V,66,P,-14.33
V,66,Y,-13.932
V,66,F,-12.154
V,66,W,-16.94
Y,67,K,-12.692
Y,67,R,-13.099
Y,67,H,-9.608
Y,67,E,-15.714
Y,67,D,-14.121
Y,67,N,-10.194
Y,67,Q,-12.502
Y,67,T,-13.209
Y,67,S,-10.067
Y,67,C,-11.248
Y,67,G,-14.242
Y,67,A,-12.056
Y,67,V,-11.647
Y,67,L,-9.767
Y,67,I,-10.695
Y,67,M,-12.858
Y,67,P,-14.256
Y,67,Y,0
Y,67,F,-2.495
Y,67,W,-11.214
A,68,K,0.553
A,68,R,-2.55
A,68,H,-2.596
A,68,E,-8.899
A,68,D,-10.002
A,68,N,-5.272
A,68,Q,-3.804
A,68,T,0.194
A,68,S,-5.046
A,68,C,-5.215
A,68,G,-7.331
A,68,A,0
A,68,V,-0.861
A,68,L,0.143
A,68,I,-2.315
A,68,M,3.406
A,68,P,-3.784
A,68,Y,-6.395
A,68,F,-2.875
A,68,W,-7.628
R,69,K,-10.687
R,69,R,0
R,69,H,-13.856
R,69,E,-14.869
R,69,D,-16.821
R,69,N,-18.367
R,69,Q,-12.625
R,69,T,-15.285
R,69,S,-13.616
R,69,C,-11.841
R,69,G,-13.678
R,69,A,-13.857
R,69,V,-14.503
R,69,L,-11.995
R,69,I,-13.356
R,69,M,-13.935
R,69,P,-13.796
R,69,Y,-15.504
R,69,F,-15.248
R,69,W,-11.721
E,70,K,-11.732
E,70,R,-15.483
E,70,H,-14.812
E,70,E,0
E,70,D,-9.165
E,70,N,-14.5
E,70,Q,-11.695
E,70,T,-15.261
E,70,S,-14.874
E,70,C,-16.635
E,70,G,-12.667
E,70,A,-12.565
E,70,V,-13.586
E,70,L,-14.971
E,70,I,-16.463
E,70,M,-15.861
E,70,P,-16.943
E,70,Y,-15.658
E,70,F,-16.301
E,70,W,-17.273
E,71,K,-10.564
E,71,R,-13.51
E,71,H,-11.666
E,71,E,0
E,71,D,-5.168
E,71,N,-12.725
E,71,Q,-7.526
E,71,T,-13.267
E,71,S,-13.934
E,71,C,-16.828
E,71,G,-11.51
E,71,A,-9.965
E,71,V,-10.227
E,71,L,-12.613
E,71,I,-14.447
E,71,M,-12.281
E,71,P,-15.461
E,71,Y,-14.618
E,71,F,-16.934
E,71,W,-16.415
V,72,K,-15.523
V,72,R,-14.094
V,72,H,-17.779
V,72,E,-18.295
V,72,D,-17.623
V,72,N,-16.302
V,72,Q,-15.336
V,72,T,-10.126
V,72,S,-14.655
V,72,C,-14.095
V,72,G,-16.936
V,72,A,-8.747
V,72,V,0
V,72,L,-7.521
V,72,I,-7.105
V,72,M,-8.894
V,72,P,-17.54
V,72,Y,-17.135
V,72,F,-14.53
V,72,W,-15.143
A,73,K,-14.8
A,73,R,-14.559
A,73,H,-16.3
A,73,E,-13.823
A,73,D,-15.086
A,73,N,-14.979
A,73,Q,-13.657
A,73,T,-11.766
A,73,S,-9.773
A,73,C,-14.066
A,73,G,-11.401
A,73,A,0
A,73,V,-11.419
A,73,L,-14.888
A,73,I,-16.148
A,73,M,-16.445
A,73,P,-13.071
A,73,Y,-15.516
A,73,F,-16.741
A,73,W,-15.987
L,74,K,-10.037
L,74,R,-7.693
L,74,H,-8.793
L,74,E,-10.046
L,74,D,-11.037
L,74,N,-9.798
L,74,Q,-6.935
L,74,T,-8.124
L,74,S,-7.651
L,74,C,-11.188
L,74,G,-8.201
L,74,A,-6.531
L,74,V,-6.724
L,74,L,0
L,74,I,-7.953
L,74,M,-6.115
L,74,P,-11.723
L,74,Y,-12.024
L,74,F,-8.411
L,74,W,-11.214
K,75,K,0
K,75,R,-7.676
K,75,H,-12.174
K,75,E,-14.244
K,75,D,-16.175
K,75,N,-10.797
K,75,Q,-10.25
K,75,T,-11.324
K,75,S,-11.684
K,75,C,-13.964
K,75,G,-13.784
K,75,A,-13.049
K,75,V,-14.47
K,75,L,-13.574
K,75,I,-12.818
K,75,M,-13.399
K,75,P,-17.782
K,75,Y,-16.124
K,75,F,-16.702
K,75,W,-13.658
I,76,K,-15.985
I,76,R,-15.363
I,76,H,-16.457
I,76,E,-15.381
I,76,D,-16.472
I,76,N,-14.821
I,76,Q,-15.626
I,76,T,-11.949
I,76,S,-14.05
I,76,C,-12.761
I,76,G,-17.056
I,76,A,-13.001
I,76,V,-8.867
I,76,L,-8.586
I,76,I,0
I,76,M,-11.595
I,76,P,-16.203
I,76,Y,-14.751
I,76,F,-9.505
I,76,W,-15.945
N,77,K,-6.956
N,77,R,-8.932
N,77,H,-8.118
N,77,E,-12.586
N,77,D,-9.562
N,77,N,0
N,77,Q,-9.129
N,77,T,-9.846
N,77,S,-6.812
N,77,C,-10.396
N,77,G,-8.895
N,77,A,-10.503
N,77,V,-13.675
N,77,L,-12.596
N,77,I,-13.285
N,77,M,-13.537
N,77,P,-13.092
N,77,Y,-13.761
N,77,F,-13.644
N,77,W,-15.692
L,78,K,-20.147
L,78,R,-17.27
L,78,H,-17.573
L,78,E,-20.83
L,78,D,-22.251
L,78,N,-21.478
L,78,Q,-17.191
L,78,T,-16.925
L,78,S,-17.617
L,78,C,-17.361
L,78,G,-20.796
L,78,A,-18.896
L,78,V,-11.71
L,78,L,0
L,78,I,-12.397
L,78,M,-13.847
L,78,P,-16.396
L,78,Y,-20.11
L,78,F,-15.282
L,78,W,-20.466
P,79,K,-11.848
P,79,R,-11.511
P,79,H,-10.722
P,79,E,-13.06
P,79,D,-14.589
P,79,N,-11.882
P,79,Q,-8.122
P,79,T,-8.005
P,79,S,-8.867
P,79,C,-12.984
P,79,G,-14.597
P,79,A,-8.952
P,79,V,-13.15
P,79,L,-10.779
P,79,I,-14.358
P,79,M,-12.587
P,79,P,0
P,79,Y,-14.112
P,79,F,-14.385
P,79,W,-15.552
E,80,K,-13.222
E,80,R,-18.253
E,80,H,-17.682
E,80,E,0
E,80,D,-10.54
E,80,N,-17.289
E,80,Q,-13.099
E,80,T,-16.936
E,80,S,-17.016
E,80,C,-20.039
E,80,G,-14.42
E,80,A,-13.726
E,80,V,-14.821
E,80,L,-17.678
E,80,I,-18.263
E,80,M,-18.608
E,80,P,-15.105
E,80,Y,-19.504
E,80,F,-19.906
E,80,W,-21.401
S,81,K,-19.363
S,81,R,-16.179
S,81,H,-18.636
S,81,E,-18.084
S,81,D,-19.426
S,81,N,-14.752
S,81,Q,-16.186
S,81,T,-11.76
S,81,S,0
S,81,C,-12.844
S,81,G,-12.957
S,81,A,-8.642
S,81,V,-13.428
S,81,L,-16.278
S,81,I,-16.142
S,81,M,-16.147
S,81,P,-14.589
S,81,Y,-17.011
S,81,F,-18.08
S,81,W,-19.399
R,82,K,-12.676
R,82,R,0
R,82,H,-13.998
R,82,E,-15.945
R,82,D,-19.119
R,82,N,-17.964
R,82,Q,-14.963
R,82,T,-14.514
R,82,S,-14.987
R,82,C,-14.227
R,82,G,-16.413
R,82,A,-17.248
R,82,V,-15.607
R,82,L,-13.078
R,82,I,-14.835
R,82,M,-16.245
R,82,P,-16.738
R,82,Y,-18.5
R,82,F,-19.909
R,82,W,-15.525
V,83,K,-18.149
V,83,R,-19.521
V,83,H,-21.124
V,83,E,-14.881
V,83,D,-18.907
V,83,N,-17.396
V,83,Q,-17.089
V,83,T,-13.493
V,83,S,-16.031
V,83,C,-15.444
V,83,G,-16.104
V,83,A,-12.902
V,83,V,0
V,83,L,-13.154
V,83,I,-9.6
V,83,M,-14.69
V,83,P,-16.608
V,83,Y,-18.954
V,83,F,-16.234
V,83,W,-19.931
Q,84,K,-15.742
Q,84,R,-14.515
Q,84,H,-13.867
Q,84,E,-12.457
Q,84,D,-19.256
Q,84,N,-17.812
Q,84,Q,0
Q,84,T,-18.451
Q,84,S,-15.558
Q,84,C,-19.84
Q,84,G,-17.277
Q,84,A,-15.571
Q,84,V,-19.123
Q,84,L,-16.107
Q,84,I,-19.789
Q,84,M,-17.448
Q,84,P,-15.745
Q,84,Y,-17.759
Q,84,F,-21.062
Q,84,W,-17.763
V,85,K,-18.557
V,85,R,-19.49
V,85,H,-19.805
V,85,E,-16.541
V,85,D,-15.84
V,85,N,-16.984
V,85,Q,-17.605
V,85,T,-16.554
V,85,S,-17.898
V,85,C,-16.883
V,85,G,-15.363
V,85,A,-14.179
V,85,V,0
V,85,L,-14.235
V,85,I,-11.012
V,85,M,-13.2
V,85,P,-19.513
V,85,Y,-17.502
V,85,F,-16.233
V,85,W,-21.273
W,86,K,-18.5
W,86,R,-15.156
W,86,H,-18.72
W,86,E,-19.339
W,86,D,-19.451
W,86,N,-20.693
W,86,Q,-16.741
W,86,T,-20.689
W,86,S,-17.587
W,86,C,-16.189
W,86,G,-16.954
W,86,A,-19.623
W,86,V,-20.285
W,86,L,-16.888
W,86,I,-22.248
W,86,M,-19.817
W,86,P,-21.269
W,86,Y,-14.3
W,86,F,-15.827
W,86,W,0
F,87,K,-19.336
F,87,R,-19.311
F,87,H,-18.056
F,87,E,-19.262
F,87,D,-20.129
F,87,N,-18.099
F,87,Q,-18.564
F,87,T,-17.882
F,87,S,-15.43
F,87,C,-13.691
F,87,G,-19.499
F,87,A,-16.92
F,87,V,-13.535
F,87,L,-11.397
F,87,I,-14.796
F,87,M,-13.95
F,87,P,-20.286
F,87,Y,-10.915
F,87,F,0
F,87,W,-14.371
K,88,K,0
K,88,R,-16.317
K,88,H,-21.402
K,88,E,-18.723
K,88,D,-23.842
K,88,N,-16.655
K,88,Q,-14.11
K,88,T,-19.3
K,88,S,-16.768
K,88,C,-22.152
K,88,G,-22.407
K,88,A,-21.314
K,88,V,-20.517
K,88,L,-20.884
K,88,I,-19.823
K,88,M,-18.317
K,88,P,-24.685
K,88,Y,-21.163
K,88,F,-22.9
K,88,W,-23.592
N,89,K,-13.844
N,89,R,-14.74
N,89,H,-13.802
N,89,E,-17.362
N,89,D,-14.777
N,89,N,0
N,89,Q,-13.605
N,89,T,-12.951
N,89,S,-12.463
N,89,C,-15.49
N,89,G,-13.801
N,89,A,-15.32
N,89,V,-15.003
N,89,L,-17.262
N,89,I,-12.795
N,89,M,-16.819
N,89,P,-18.453
N,89,Y,-16.675
N,89,F,-20.458
N,89,W,-18.771
R,90,K,-9.739
R,90,R,0
R,90,H,-12.093
R,90,E,-15.194
R,90,D,-20.553
R,90,N,-17.456
R,90,Q,-10.771
R,90,T,-15.62
R,90,S,-14.413
R,90,C,-12.905
R,90,G,-15.113
R,90,A,-16.152
R,90,V,-17.536
R,90,L,-16.004
R,90,I,-16.393
R,90,M,-15.11
R,90,P,-16.13
R,90,Y,-16.459
R,90,F,-17.331
R,90,W,-12.913
R,91,K,-13.748
R,91,R,0
R,91,H,-15.479
R,91,E,-18.161
R,91,D,-20.297
R,91,N,-19.234
R,91,Q,-14.199
R,91,T,-17.344
R,91,S,-15.659
R,91,C,-14.723
R,91,G,-15.507
R,91,A,-17.69
R,91,V,-17.893
R,91,L,-16.387
R,91,I,-16.141
R,91,M,-15.604
R,91,P,-17.63
R,91,Y,-19.322
R,91,F,-19.802
R,91,W,-13.595
A,92,K,-16.796
A,92,R,-20.522
A,92,H,-21.815
A,92,E,-18.594
A,92,D,-19.869
A,92,N,-18.294
A,92,Q,-19.22
A,92,T,-13.42
A,92,S,-12.696
A,92,C,-18.844
A,92,G,-13.72
A,92,A,0
A,92,V,-15.155
A,92,L,-20.662
A,92,I,-17.861
A,92,M,-17.417
A,92,P,-20.109
A,92,Y,-19.279
A,92,F,-16.443
A,92,W,-21.362
K,93,K,0
K,93,R,-11.202
K,93,H,-18.589
K,93,E,-15.151
K,93,D,-20.371
K,93,N,-13.441
K,93,Q,-14.093
K,93,T,-14.857
K,93,S,-16.552
K,93,C,-19.782
K,93,G,-18.118
K,93,A,-15.972
K,93,V,-17.392
K,93,L,-17.669
K,93,I,-16.732
K,93,M,-14.152
K,93,P,-18.682
K,93,Y,-19.698
K,93,F,-20.588
K,93,W,-19.131
C,94,K,-10.324
C,94,R,-8.879
C,94,H,-9.475
C,94,E,-10.757
C,94,D,-10.601
C,94,N,-9.392
C,94,Q,-8.855
C,94,T,-8.86
C,94,S,-7.247
C,94,C,0
C,94,G,-9.058
C,94,A,-5.842
C,94,V,-7.726
C,94,L,-8.428
C,94,I,-9.682
C,94,M,-9.652
C,94,P,-17.521
C,94,Y,-8.171
C,94,F,-7.923
C,94,W,-9.74
R,95,K,-12.922
R,95,R,0
R,95,H,-14.446
R,95,E,-16.824
R,95,D,-19.58
R,95,N,-15.769
R,95,Q,-12.331
R,95,T,-16.693
R,95,S,-15.124
R,95,C,-15.829
R,95,G,-16.201
R,95,A,-14.302
R,95,V,-17.553
R,95,L,-14.513
R,95,I,-16.627
R,95,M,-15.831
R,95,P,-17.99
R,95,Y,-18.63
R,95,F,-19.444
R,95,W,-15.804
Q,96,K,-9.843
Q,96,R,-9.732
Q,96,H,-6.726
Q,96,E,-10.723
Q,96,D,-12.56
Q,96,N,-6.564
Q,96,Q,0
Q,96,T,-7.067
Q,96,S,-5.535
Q,96,C,-8.473
Q,96,G,-8.935
Q,96,A,-4.572
Q,96,V,-7.756
Q,96,L,-3.911
Q,96,I,-7.904
Q,96,M,-7.876
Q,96,P,-12.324
Q,96,Y,-10.102
Q,96,F,-9.401
Q,96,W,-12.257
Q,97,K,-8.469
Q,97,R,-9.246
Q,97,H,-7.552
Q,97,E,-11.557
Q,97,D,-14.18
Q,97,N,-10.738
Q,97,Q,0
Q,97,T,-11.827
Q,97,S,-11.527
Q,97,C,-13.611
Q,97,G,-11.99
Q,97,A,-11.451
Q,97,V,-12.28
Q,97,L,-10.03
Q,97,I,-13.136
Q,97,M,-11.889
Q,97,P,-13.82
Q,97,Y,-13.094
Q,97,F,-14.532
Q,97,W,-14.366
R,98,K,-3.193
R,98,R,0
R,98,H,-3.101
R,98,E,-2.443
R,98,D,-4.955
R,98,N,-3.345
R,98,Q,1.657
R,98,T,-3.136
R,98,S,-2.027
R,98,C,-6.149
R,98,G,-3.23
R,98,A,-0.401
R,98,V,-2.484
R,98,L,-0.8
R,98,I,-3.348
R,98,M,-2.101
R,98,P,-6.029
R,98,Y,-6.882
R,98,F,-5.895
R,98,W,-6.902
Q,99,K,-8.589
Q,99,R,-9.139
Q,99,H,-7.882
Q,99,E,-7.66
Q,99,D,-9.46
Q,99,N,-8.508
Q,99,Q,0
Q,99,T,-10.134
Q,99,S,-9.041
Q,99,C,-11.999
Q,99,G,-9.937
Q,99,A,-9.035
Q,99,V,-10.563
Q,99,L,-8.012
Q,99,I,-11.009
Q,99,M,-10.627
Q,99,P,-11.701
Q,99,Y,-12.604
Q,99,F,-13.419
Q,99,W,-13.902
Q,100,K,-9.597
Q,100,R,-9.665
Q,100,H,-8.417
Q,100,E,-8.517
Q,100,D,-11.738
Q,100,N,-10.092
Q,100,Q,0
Q,100,T,-10.064
Q,100,S,-9.214
Q,100,C,-11.982
Q,100,G,-10.395
Q,100,A,-8.129
Q,100,V,-10.191
Q,100,L,-7.584
Q,100,I,-11.177
Q,100,M,-9.743
Q,100,P,-11.513
Q,100,Y,-12.667
Q,100,F,-13.165
Q,100,W,-13.382
Q,101,K,-7.626
Q,101,R,-7.49
Q,101,H,-7.23
Q,101,E,-7.406
Q,101,D,-9.721
Q,101,N,-8.292
Q,101,Q,0
Q,101,T,-9.438
Q,101,S,-8.02
Q,101,C,-10.64
Q,101,G,-8.444
Q,101,A,-7.089
Q,101,V,-10.086
Q,101,L,-7.77
Q,101,I,-11.329
Q,101,M,-9.576
Q,101,P,-9.059
Q,101,Y,-11.407
Q,101,F,-12.298
Q,101,W,-12.068
K,102,K,0
K,102,R,-2.605
K,102,H,-1.342
K,102,E,-0.329
K,102,D,-3.164
K,102,N,-4.528
K,102,Q,3.197
K,102,T,-3.723
K,102,S,-2.17
K,102,C,-5.573
K,102,G,-2.193
K,102,A,-0.918
K,102,V,-3.755
K,102,L,-1.28
K,102,I,-5.689
K,102,M,-3.921
K,102,P,-1.592
K,102,Y,-6.599
K,102,F,-6.502
K,102,W,-5.88
Q,103,K,-7.844
Q,103,R,-8.433
Q,103,H,-7.715
Q,103,E,-5.999
Q,103,D,-8.528
Q,103,N,-8.912
Q,103,Q,0
Q,103,T,-8.587
Q,103,S,-7.599
Q,103,C,-10.521
Q,103,G,-7.185
Q,103,A,-6.336
Q,103,V,-8.993
Q,103,L,-7.495
Q,103,I,-11.397
Q,103,M,-10.044
Q,103,P,-6.694
Q,103,Y,-12.206
Q,103,F,-12.279
Q,103,W,-12.282
Q,104,K,-7.702
Q,104,R,-8.003
Q,104,H,-7.468
Q,104,E,-6.275
Q,104,D,-8.252
Q,104,N,-8.466
Q,104,Q,0
Q,104,T,-8.266
Q,104,S,-6.964
Q,104,C,-9.907
Q,104,G,-6.613
Q,104,A,-6.174
Q,104,V,-8.931
Q,104,L,-7.492
Q,104,I,-11.28
Q,104,M,-9.862
Q,104,P,-6.424
Q,104,Y,-12.032
Q,104,F,-12.083
Q,104,W,-12.28
Q,105,K,-7.64
Q,105,R,-7.91
Q,105,H,-7.187
Q,105,E,-5.383
Q,105,D,-7.568
Q,105,N,-8.135
Q,105,Q,0
Q,105,T,-7.776
Q,105,S,-6.736
Q,105,C,-9.415
Q,105,G,-6.151
Q,105,A,-6.022
Q,105,V,-8.462
Q,105,L,-7.367
Q,105,I,-10.954
Q,105,M,-9.605
Q,105,P,-6.086
Q,105,Y,-11.52
Q,105,F,-11.535
Q,105,W,-11.753
Q,106,K,-7.268
Q,106,R,-7.034
Q,106,H,-6.581
Q,106,E,-5.124
Q,106,D,-6.198
Q,106,N,-7.255
Q,106,Q,0
Q,106,T,-6.742
Q,106,S,-5.805
Q,106,C,-8.092
Q,106,G,-4.924
Q,106,A,-5.19
Q,106,V,-7.366
Q,106,L,-6.429
Q,106,I,-9.921
Q,106,M,-8.677
Q,106,P,-4.995
Q,106,Y,-10.578
Q,106,F,-10.503
Q,106,W,-10.969
P,107,K,-5.092
P,107,R,-4.628
P,107,H,-4.506
P,107,E,-3.436
P,107,D,-4.6
P,107,N,-5.621
P,107,Q,-1.059
P,107,T,-4.893
P,107,S,-3.758
P,107,C,-6.215
P,107,G,-2.524
P,107,A,-3.18
P,107,V,-5.389
P,107,L,-4.305
P,107,I,-8.241
P,107,M,-6.918
P,107,P,0
P,107,Y,-8.765
P,107,F,-8.506
P,107,W,-8.581
P,108,K,-4.707
P,108,R,-4.974
P,108,H,-5.428
P,108,E,-3.641
P,108,D,-3.909
P,108,N,-5.028
P,108,Q,-2.868
P,108,T,-4.728
P,108,S,-3.437
P,108,C,-6.151
P,108,G,-2.204
P,108,A,-3.04
P,108,V,-5.535
P,108,L,-5.577
P,108,I,-8.767
P,108,M,-7.748
P,108,P,0
P,108,Y,-9.433
P,108,F,-9.522
P,108,W,-9.313
G,109,K,-4.997
G,109,R,-6.076
G,109,H,-6.53
G,109,E,-4.429
G,109,D,-4.289
G,109,N,-4.79
G,109,Q,-3.585
G,109,T,-5.456
G,109,S,-4.162
G,109,C,-7.491
G,109,G,0
G,109,A,-4.13
G,109,V,-6.466
G,109,L,-6.755
G,109,I,-9.818
G,109,M,-8.782
G,109,P,-3.836
G,109,Y,-10.615
G,109,F,-11.055
G,109,W,-10.463
G,110,K,-4.313
G,110,R,-5.544
G,110,H,-6.354
G,110,E,-5.708
G,110,D,-6.087
G,110,N,-5.608
G,110,Q,-3.582
G,110,T,-4.595
G,110,S,-3.396
G,110,C,-7.542
G,110,G,0
G,110,A,-3.721
G,110,V,-6.325
G,110,L,-6.432
G,110,I,-8.97
G,110,M,-8.505
G,110,P,-3.892
G,110,Y,-10.053
G,110,F,-10.365
G,110,W,-10.966
Q,111,K,-2.19
Q,111,R,-3.316
Q,111,H,-6.019
Q,111,E,-6.004
Q,111,D,-7.089
Q,111,N,-5.001
Q,111,Q,0
Q,111,T,-3.52
Q,111,S,-2.819
Q,111,C,-6.664
Q,111,G,-2.27
Q,111,A,-2.211
Q,111,V,-4.857
Q,111,L,-5.571
Q,111,I,-7.884
Q,111,M,-7.171
Q,111,P,-2.326
Q,111,Y,-9.594
Q,111,F,-10.007
Q,111,W,-9.664
A,112,K,-4.072
A,112,R,-4.472
A,112,H,-6.467
A,112,E,-7.747
A,112,D,-8.038
A,112,N,-5.599
A,112,Q,-4.352
A,112,T,-4.658
A,112,S,-4.022
A,112,C,-7.907
A,112,G,-3.693
A,112,A,0
A,112,V,-6.101
A,112,L,-6.833
A,112,I,-8.742
A,112,M,-8.406
A,112,P,-3.205
A,112,Y,-10.478
A,112,F,-10.62
A,112,W,-10.665
K,113,K,0
K,113,R,-5.037
K,113,H,-7.721
K,113,E,-8.277
K,113,D,-9.531
K,113,N,-6.972
K,113,Q,-4.502
K,113,T,-5.941
K,113,S,-5.232
K,113,C,-8.845
K,113,G,-4.774
K,113,A,-4.836
K,113,V,-7.277
K,113,L,-7.542
K,113,I,-9.944
K,113,M,-9.35
K,113,P,-4.266
K,113,Y,-11.732
K,113,F,-12.038
K,113,W,-11.493
A,114,K,-5.239
A,114,R,-4.596
A,114,H,-7.236
A,114,E,-9.428
A,114,D,-10.168
A,114,N,-6.536
A,114,Q,-4.909
A,114,T,-4.782
A,114,S,-3.996
A,114,C,-7.403
A,114,G,-4.177
A,114,A,0
A,114,V,-6.064
A,114,L,-7.472
A,114,I,-8.652
A,114,M,-8.784
A,114,P,-2.7
A,114,Y,-10.383
A,114,F,-11.699
A,114,W,-9.6
R,115,K,-3.544
R,115,R,0
R,115,H,-7.991
R,115,E,-10.013
R,115,D,-11.452
R,115,N,-8.51
R,115,Q,-6.906
R,115,T,-6.91
R,115,S,-6.26
R,115,C,-8.562
R,115,G,-6.546
R,115,A,-5.762
R,115,V,-8.075
R,115,L,-8.522
R,115,I,-10.209
R,115,M,-10.349
R,115,P,-5.889
R,115,Y,-8.065
R,115,F,-10.323
R,115,W,-11.079
P,116,K,-7.633
P,116,R,-7.892
P,116,H,-9.954
P,116,E,-10.249
P,116,D,-11.49
P,116,N,-8.618
P,116,Q,-7.123
P,116,T,-6.58
P,116,S,-6.089
P,116,C,-10.229
P,116,G,-5.042
P,116,A,-5.247
P,116,V,-7.947
P,116,L,-8.764
P,116,I,-10.816
P,116,M,-10.341
P,116,P,0
P,116,Y,-11.369
P,116,F,-12.54
P,116,W,-11.839
A,117,K,-7.567
A,117,R,-6.17
A,117,H,-7.048
A,117,E,-9.7
A,117,D,-11.259
A,117,N,-5.879
A,117,Q,-5.221
A,117,T,-5.05
A,117,S,-4.337
A,117,C,-6.186
A,117,G,-5.401
A,117,A,0
A,117,V,-6.213
A,117,L,-6.923
A,117,I,-8.506
A,117,M,-8.505
A,117,P,-2.693
A,117,Y,-5.223
A,117,F,-9.458
A,117,W,-10.667
K,118,K,0
K,118,R,-4.604
K,118,H,-7.373
K,118,E,-9.558
K,118,D,-10.775
K,118,N,-7.236
K,118,Q,-6.412
K,118,T,-6.85
K,118,S,-5.434
K,118,C,-8.255
K,118,G,-5.293
K,118,A,-5.52
K,118,V,-8.069
K,118,L,-8.941
K,118,I,-10.54
K,118,M,-10.757
K,118,P,-4.035
K,118,Y,-11.989
K,118,F,-12.027
K,118,W,-11.81
R,119,K,-3.371
R,119,R,0
R,119,H,-7.104
R,119,E,-9.11
R,119,D,-9.526
R,119,N,-6.178
R,119,Q,-6.307
R,119,T,-4.611
R,119,S,-4.17
R,119,C,-7.821
R,119,G,-4.244
R,119,A,-3.119
R,119,V,-3.632
R,119,L,-6.889
R,119,I,-7.026
R,119,M,-7.588
R,119,P,-3.916
R,119,Y,-10.723
R,119,F,-10.186
R,119,W,-10.192
K,120,K,0
K,120,R,-4.579
K,120,H,-6.283
K,120,E,-6.22
K,120,D,-6.927
K,120,N,-5.748
K,120,Q,-4.803
K,120,T,-4.029
K,120,S,-3.007
K,120,C,-7.155
K,120,G,-4.067
K,120,A,-3.198
K,120,V,-5.759
K,120,L,-5.576
K,120,I,-7.851
K,120,M,-7.596
K,120,P,-2.423
K,120,Y,-10.031
K,120,F,-9.358
K,120,W,-9.415
A,121,K,-5.265
A,121,R,-5.835
A,121,H,-6.363
A,121,E,-7.385
A,121,D,-8.05
A,121,N,-6.666
A,121,Q,-5.532
A,121,T,-5.004
A,121,S,-4.452
A,121,C,-7.209
A,121,G,-5.079
A,121,A,0
A,121,V,-5.697
A,121,L,-5.69
A,121,I,-8.065
A,121,M,-8.022
A,121,P,-3.799
A,121,Y,-7.23
A,121,F,-9.216
A,121,W,-10.267
G,122,K,-3.856
G,122,R,-4.792
G,122,H,-4.823
G,122,E,-2.325
G,122,D,-2.486
G,122,N,-4.322
G,122,Q,-3.78
G,122,T,-2.615
G,122,S,-0.515
G,122,C,-5.15
G,122,G,0
G,122,A,-1.918
G,122,V,-4.225
G,122,L,-4.513
G,122,I,-6.456
G,122,M,-7.064
G,122,P,-1.211
G,122,Y,-7.155
G,122,F,-7.617
G,122,W,-8.691
T,123,K,-3.457
T,123,R,-4.594
T,123,H,-4.883
T,123,E,-1.402
T,123,D,-1.777
T,123,N,-4.795
T,123,Q,-3.502
T,123,T,0
T,123,S,-1.938
T,123,C,-5.297
T,123,G,-2.305
T,123,A,-2.131
T,123,V,-4.719
T,123,L,-4.687
T,123,I,-7.366
T,123,M,-7.282
T,123,P,-1.982
T,123,Y,-8.119
T,123,F,-8.039
T,123,W,-8.86
S,124,K,-6.168
S,124,R,-7.098
S,124,H,-7.623
S,124,E,-4.094
S,124,D,-4.905
S,124,N,-6.937
S,124,Q,-6.149
S,124,T,-5.212
S,124,S,0
S,124,C,-7.966
S,124,G,-4.925
S,124,A,-4.748
S,124,V,-6.814
S,124,L,-6.598
S,124,I,-8.785
S,124,M,-9.212
S,124,P,-3.203
S,124,Y,-10.026
S,124,F,-9.612
S,124,W,-10.099
P,125,K,-5.403
P,125,R,-6.355
P,125,H,-6.58
P,125,E,-5.299
P,125,D,-5.551
P,125,N,-6.483
P,125,Q,-5.475
P,125,T,-5.002
P,125,S,-3.357
P,125,C,-6.995
P,125,G,-4.376
P,125,A,-4.347
P,125,V,-6.578
P,125,L,-6.638
P,125,I,-8.618
P,125,M,-9.288
P,125,P,0
P,125,Y,-9.574
P,125,F,-9.522
P,125,W,-10.49
R,126,K,-2.899
R,126,R,0
R,126,H,-4.789
R,126,E,-3.397
R,126,D,-4.144
R,126,N,-4.391
R,126,Q,-3.316
R,126,T,-2.652
R,126,S,-1.235
R,126,C,-4.507
R,126,G,-2.514
R,126,A,-1.946
R,126,V,-3.44
R,126,L,-3.694
R,126,I,-5.196
R,126,M,-5.997
R,126,P,-1.915
R,126,Y,-6.5
R,126,F,-6.845
R,126,W,-7.654
P,127,K,-4.649
P,127,R,-4.947
P,127,H,-5.815
P,127,E,-5.234
P,127,D,-4.866
P,127,N,-6.036
P,127,Q,-5.123
P,127,T,-4.392
P,127,S,-3.441
P,127,C,-6.158
P,127,G,-4.082
P,127,A,-4.018
P,127,V,-5.452
P,127,L,-4.891
P,127,I,-6.917
P,127,M,-7.249
P,127,P,0
P,127,Y,-8.362
P,127,F,-8.156
P,127,W,-9.08
S,128,K,-4.041
S,128,R,-4.222
S,128,H,-5.806
S,128,E,-4.244
S,128,D,-4.236
S,128,N,-5.735
S,128,Q,-5.02
S,128,T,-4.368
S,128,S,0
S,128,C,-6.253
S,128,G,-4.13
S,128,A,-3.483
S,128,V,-5.089
S,128,L,-5.048
S,128,I,-7.178
S,128,M,-7.447
S,128,P,-2.958
S,128,Y,-7.699
S,128,F,-7.672
S,128,W,-8.756
T,129,K,-2.047
T,129,R,-3.751
T,129,H,-5.259
T,129,E,-3.717
T,129,D,-4.588
T,129,N,-5.304
T,129,Q,-3.577
T,129,T,0
T,129,S,-2.145
T,129,C,-5.603
T,129,G,-2.88
T,129,A,-2.709
T,129,V,-4.477
T,129,L,-3.271
T,129,I,-6.426
T,129,M,-5.582
T,129,P,-0.999
T,129,Y,-6.198
T,129,F,-6.595
T,129,W,-6.123
D,130,K,-3.212
D,130,R,-3.725
D,130,H,-4.666
D,130,E,-3.299
D,130,D,0
D,130,N,-4.428
D,130,Q,-3.357
D,130,T,-2.308
D,130,S,-1.319
D,130,C,-5.314
D,130,G,-2.654
D,130,A,-2.057
D,130,V,-3.829
D,130,L,-3.707
D,130,I,-5.796
D,130,M,-5.485
D,130,P,-0.73
D,130,Y,-6.943
D,130,F,-6.431
D,130,W,-7.192
V,131,K,-3.448
V,131,R,-3.691
V,131,H,-4.413
V,131,E,-4.924
V,131,D,-4.452
V,131,N,-4.864
V,131,Q,-4.385
V,131,T,-2.865
V,131,S,-1.501
V,131,C,-4.449
V,131,G,-3.036
V,131,A,-2.801
V,131,V,0
V,131,L,-2.975
V,131,I,-3.618
V,131,M,-5.059
V,131,P,-1.798
V,131,Y,-5.655
V,131,F,-5.036
V,131,W,-7.244
C,132,K,-0.998
C,132,R,-2.961
C,132,H,-4.147
C,132,E,-4.254
C,132,D,-4.021
C,132,N,-4.052
C,132,Q,-3.99
C,132,T,-2.768
C,132,S,-1.279
C,132,C,0
C,132,G,-3.509
C,132,A,-3.161
C,132,V,-3.887
C,132,L,-2.831
C,132,I,-4.77
C,132,M,-5.157
C,132,P,-2.705
C,132,Y,-5.232
C,132,F,-4.994
C,132,W,-6.325
P,133,K,-2.87
P,133,R,-3.899
P,133,H,-5.889
P,133,E,-5.184
P,133,D,-5.65
P,133,N,-6.136
P,133,Q,-4.289
P,133,T,-4.428
P,133,S,-3.101
P,133,C,-5.769
P,133,G,-3.801
P,133,A,-4.349
P,133,V,-5.246
P,133,L,-3.898
P,133,I,-6.798
P,133,M,-5.822
P,133,P,0
P,133,Y,-7.017
P,133,F,-7.559
P,133,W,-7.446
D,134,K,-2.892
D,134,R,-3.21
D,134,H,-4.53
D,134,E,-2.832
D,134,D,0
D,134,N,-4.338
D,134,Q,-2.932
D,134,T,-1.841
D,134,S,-0.886
D,134,C,-5.563
D,134,G,-2.252
D,134,A,-2.278
D,134,V,-3.446
D,134,L,-3.164
D,134,I,-5.241
D,134,M,-5.151
D,134,P,-1.672
D,134,Y,-6.004
D,134,F,-5.896
D,134,W,-7.08
P,135,K,-4.693
P,135,R,-5.472
P,135,H,-6.059
P,135,E,-6.102
P,135,D,-5.631
P,135,N,-6.003
P,135,Q,-5.718
P,135,T,-4.363
P,135,S,-3.695
P,135,C,-6.843
P,135,G,-4.393
P,135,A,-4.329
P,135,V,-4.239
P,135,L,-4.085
P,135,I,-5.252
P,135,M,-5.786
P,135,P,0
P,135,Y,-6.877
P,135,F,-6.756
P,135,W,-9.419
L,136,K,-3.857
L,136,R,-3.956
L,136,H,-5.382
L,136,E,-4.648
L,136,D,-4.571
L,136,N,-4.634
L,136,Q,-4.662
L,136,T,-3.667
L,136,S,-3.028
L,136,C,-5.465
L,136,G,-2.876
L,136,A,-3.179
L,136,V,-4.026
L,136,L,0
L,136,I,-5.348
L,136,M,-5.004
L,136,P,-2.456
L,136,Y,-5.831
L,136,F,-6.067
L,136,W,-7.103
G,137,K,-3.487
G,137,R,-4.021
G,137,H,-5.157
G,137,E,-5.582
G,137,D,-4.75
G,137,N,-4.823
G,137,Q,-4.84
G,137,T,-3.812
G,137,S,-3.137
G,137,C,-5.136
G,137,G,0
G,137,A,-3.538
G,137,V,-4.591
G,137,L,-4.237
G,137,I,-5.901
G,137,M,-6.09
G,137,P,-3.066
G,137,Y,-6.937
G,137,F,-6.739
G,137,W,-8.601
I,138,K,-1.905
I,138,R,-1.501
I,138,H,-2.481
I,138,E,-3.319
I,138,D,-2.391
I,138,N,-2.976
I,138,Q,-2.29
I,138,T,-1.466
I,138,S,-0.419
I,138,C,-2.78
I,138,G,-1.089
I,138,A,-1.186
I,138,V,-2.284
I,138,L,-0.803
I,138,I,0
I,138,M,-3.28
I,138,P,-0.285
I,138,Y,-3.249
I,138,F,-3.175
I,138,W,-4.883
S,139,K,-3.217
S,139,R,-4.164
S,139,H,-5.605
S,139,E,-5.364
S,139,D,-5.612
S,139,N,-5.738
S,139,Q,-4.534
S,139,T,-3.831
S,139,S,0
S,139,C,-6.079
S,139,G,-3.81
S,139,A,-4.034
S,139,V,-5.067
S,139,L,-4.176
S,139,I,-6.212
S,139,M,-5.656
S,139,P,-3.085
S,139,Y,-6.256
S,139,F,-6.909
S,139,W,-7.994
D,140,K,-2.391
D,140,R,-1.989
D,140,H,-2.973
D,140,E,-3.911
D,140,D,0
D,140,N,-2.943
D,140,Q,-2.443
D,140,T,-1.647
D,140,S,-0.544
D,140,C,-3.856
D,140,G,-1.787
D,140,A,-2.004
D,140,V,-3.235
D,140,L,-2.518
D,140,I,-4.508
D,140,M,-3.981
D,140,P,-0.962
D,140,Y,-4.916
D,140,F,-5.067
D,140,W,-6.789
S,141,K,-5.667
S,141,R,-5.412
S,141,H,-6.262
S,141,E,-7.086
S,141,D,-6.159
S,141,N,-6.055
S,141,Q,-6.263
S,141,T,-4.14
S,141,S,0
S,141,C,-5.839
S,141,G,-4.548
S,141,A,-3.963
S,141,V,-4.98
S,141,L,-4.547
S,141,I,-6.026
S,141,M,-6.602
S,141,P,-3.377
S,141,Y,-6.924
S,141,F,-6.644
S,141,W,-9.673
Y,142,K,-1.096
Y,142,R,-1.027
Y,142,H,-1.742
Y,142,E,-2.584
Y,142,D,-1.681
Y,142,N,-1.35
Y,142,Q,-1.874
Y,142,T,-1.002
Y,142,S,0.387
Y,142,C,-1.894
Y,142,G,-0.81
Y,142,A,-0.806
Y,142,V,-1.643
Y,142,L,-0.171
Y,142,I,-2.816
Y,142,M,-3.009
Y,142,P,0.307
Y,142,Y,0
Y,142,F,-2.587
Y,142,W,-5.135
S,143,K,-6.219
S,143,R,-5.418
S,143,H,-6.424
S,143,E,-6.513
S,143,D,-6.578
S,143,N,-6.716
S,143,Q,-5.538
S,143,T,-4.737
S,143,S,0
S,143,C,-6.05
S,143,G,-4.888
S,143,A,-5.239
S,143,V,-6.371
S,143,L,-3.923
S,143,I,-7.418
S,143,M,-6.94
S,143,P,-4.511
S,143,Y,-7.439
S,143,F,-6.427
S,143,W,-8.819
P,144,K,-5.837
P,144,R,-5.414
P,144,H,-5.409
P,144,E,-5.617
P,144,D,-5.868
P,144,N,-5.881
P,144,Q,-4.961
P,144,T,-4.842
P,144,S,-3.863
P,144,C,-5.809
P,144,G,-4.922
P,144,A,-4.089
P,144,V,-5.216
P,144,L,-4.759
P,144,I,-7.01
P,144,M,-6.879
P,144,P,0
P,144,Y,-6.078
P,144,F,-6.575
P,144,W,-8.525
P,145,K,-6.403
P,145,R,-6.146
P,145,H,-6.347
P,145,E,-6.841
P,145,D,-6.827
P,145,N,-7.314
P,145,Q,-5.965
P,145,T,-5.535
P,145,S,-4.571
P,145,C,-6.262
P,145,G,-5.103
P,145,A,-4.774
P,145,V,-5.216
P,145,L,-4.946
P,145,I,-6.977
P,145,M,-6.965
P,145,P,0
P,145,Y,-5.87
P,145,F,-6.854
P,145,W,-8.715
L,146,K,-4.748
L,146,R,-4.157
L,146,H,-5.182
L,146,E,-5.362
L,146,D,-6
L,146,N,-5.683
L,146,Q,-4.313
L,146,T,-3.689
L,146,S,-3.714
L,146,C,-5.296
L,146,G,-3.823
L,146,A,-3.329
L,146,V,-4.219
L,146,L,0
L,146,I,-5.924
L,146,M,-5.923
L,146,P,-3.181
L,146,Y,-5.622
L,146,F,-5.974
L,146,W,-8.066
P,147,K,-5.886
P,147,R,-5.11
P,147,H,-5.753
P,147,E,-5.817
P,147,D,-5.951
P,147,N,-6.398
P,147,Q,-4.83
P,147,T,-4.264
P,147,S,-3.468
P,147,C,-6.208
P,147,G,-4.118
P,147,A,-3.821
P,147,V,-5.065
P,147,L,-4.083
P,147,I,-6.945
P,147,M,-6.103
P,147,P,0
P,147,Y,-6.493
P,147,F,-6.805
P,147,W,-7.928
G,148,K,-4.675
G,148,R,-3.972
G,148,H,-4.444
G,148,E,-4.32
G,148,D,-4.943
G,148,N,-5.172
G,148,Q,-3.624
G,148,T,-3.397
G,148,S,-2.666
G,148,C,-4.653
G,148,G,0
G,148,A,-3.121
G,148,V,-3.881
G,148,L,-3.392
G,148,I,-5.922
G,148,M,-5.75
G,148,P,-3.043
G,148,Y,-5.042
G,148,F,-5.594
G,148,W,-7.207
P,149,K,-6.209
P,149,R,-5.039
P,149,H,-4.985
P,149,E,-6.909
P,149,D,-5.828
P,149,N,-6.27
P,149,Q,-5.836
P,149,T,-4.195
P,149,S,-3.316
P,149,C,-5.897
P,149,G,-3.997
P,149,A,-3.978
P,149,V,-4.93
P,149,L,-3.797
P,149,I,-6.062
P,149,M,-6.441
P,149,P,0
P,149,Y,-5.644
P,149,F,-5.42
P,149,W,-8.209
S,150,K,-5.489
S,150,R,-4.604
S,150,H,-5.465
S,150,E,-4.98
S,150,D,-5.399
S,150,N,-6.174
S,150,Q,-4.634
S,150,T,-3.761
S,150,S,0
S,150,C,-5.152
S,150,G,-3.535
S,150,A,-3.324
S,150,V,-4.318
S,150,L,-3.469
S,150,I,-5.867
S,150,M,-5.558
S,150,P,-3.096
S,150,Y,-5.43
S,150,F,-5.636
S,150,W,-6.462
G,151,K,-4.708
G,151,R,-3.565
G,151,H,-3.549
G,151,E,-5.303
G,151,D,-4.704
G,151,N,-4.711
G,151,Q,-3.89
G,151,T,-3.051
G,151,S,-2.226
G,151,C,-3.811
G,151,G,0
G,151,A,-2.625
G,151,V,-3.351
G,151,L,-2.466
G,151,I,-4.789
G,151,M,-4.972
G,151,P,-2.305
G,151,Y,-3.91
G,151,F,-4.431
G,151,W,-6.473
S,152,K,-6.084
S,152,R,-5.253
S,152,H,-5.34
S,152,E,-5.667
S,152,D,-5.402
S,152,N,-5.833
S,152,Q,-4.923
S,152,T,-3.623
S,152,S,0
S,152,C,-5.973
S,152,G,-3.577
S,152,A,-3.328
S,152,V,-4.636
S,152,L,-3.692
S,152,I,-6.033
S,152,M,-6.091
S,152,P,-3.098
S,152,Y,-5.596
S,152,F,-5.663
S,152,W,-7.966
P,153,K,-5.994
P,153,R,-5.851
P,153,H,-5.929
P,153,E,-5.678
P,153,D,-5.123
P,153,N,-5.58
P,153,Q,-5.278
P,153,T,-4.442
P,153,S,-3.647
P,153,C,-5.993
P,153,G,-4.487
P,153,A,-3.965
P,153,V,-4.605
P,153,L,-4.383
P,153,I,-6.221
P,153,M,-6.346
P,153,P,0
P,153,Y,-5.208
P,153,F,-5.782
P,153,W,-8.026
T,154,K,-4.567
T,154,R,-4.156
T,154,H,-4.254
T,154,E,-4.566
T,154,D,-4.091
T,154,N,-4.883
T,154,Q,-3.996
T,154,T,0
T,154,S,-2.57
T,154,C,-4.87
T,154,G,-3.068
T,154,A,-2.581
T,154,V,-3.54
T,154,L,-3.357
T,154,I,-5.45
T,154,M,-5.556
T,154,P,-2.575
T,154,Y,-4.91
T,154,F,-5.654
T,154,W,-7.132
T,155,K,-5.098
T,155,R,-5.132
T,155,H,-5.475
T,155,E,-5.12
T,155,D,-4.705
T,155,N,-4.91
T,155,Q,-4.736
T,155,T,0
T,155,S,-2.185
T,155,C,-5.874
T,155,G,-3.331
T,155,A,-2.984
T,155,V,-5.343
T,155,L,-5.413
T,155,I,-7.591
T,155,M,-6.262
T,155,P,-2.417
T,155,Y,-7.164
T,155,F,-7.323
T,155,W,-8.606
A,156,K,-4.601
A,156,R,-5.218
A,156,H,-5.474
A,156,E,-5.554
A,156,D,-4.81
A,156,N,-4.634
A,156,Q,-4.747
A,156,T,-3.228
A,156,S,-1.978
A,156,C,-6.919
A,156,G,-3.724
A,156,A,0
A,156,V,-5.928
A,156,L,-5.992
A,156,I,-8.046
A,156,M,-7.183
A,156,P,-1.931
A,156,Y,-7.148
A,156,F,-7.524
A,156,W,-9.791
V,157,K,-3.765
V,157,R,-4.211
V,157,H,-4.751
V,157,E,-4.545
V,157,D,-4.075
V,157,N,-3.876
V,157,Q,-3.714
V,157,T,-1.386
V,157,S,-1.171
V,157,C,-5.018
V,157,G,-2.548
V,157,A,-1.24
V,157,V,0
V,157,L,-3.765
V,157,I,-4.95
V,157,M,-3.83
V,157,P,-1.313
V,157,Y,-4.923
V,157,F,-5.188
V,157,W,-7.457
A,158,K,-3.789
A,158,R,-4.473
A,158,H,-4.77
A,158,E,-4.585
A,158,D,-3.953
A,158,N,-3.758
A,158,Q,-3.845
A,158,T,-2.227
A,158,S,-0.961
A,158,C,-6.868
A,158,G,-3.449
A,158,A,0
A,158,V,-6.264
A,158,L,-7.253
A,158,I,-8.604
A,158,M,-7.776
A,158,P,-2.124
A,158,Y,-7.898
A,158,F,-8.912
A,158,W,-10.52
T,159,K,-3.587
T,159,R,-4.555
T,159,H,-4.752
T,159,E,-3.85
T,159,D,-2.491
T,159,N,-3.357
T,159,Q,-2.707
T,159,T,0
T,159,S,-1.513
T,159,C,-6.468
T,159,G,-2.791
T,159,A,-3.009
T,159,V,-6.843
T,159,L,-6.47
T,159,I,-9.13
T,159,M,-6.805
T,159,P,0.348
T,159,Y,-7.354
T,159,F,-8.46
T,159,W,-10.286
V,160,K,-2.869
V,160,R,-3.063
V,160,H,-2.184
V,160,E,-1.41
V,160,D,-0.214
V,160,N,-0.694
V,160,Q,-1.515
V,160,T,0.36
V,160,S,1.613
V,160,C,-3.546
V,160,G,-0.767
V,160,A,-0.269
V,160,V,0
V,160,L,-2.914
V,160,I,-5.143
V,160,M,-3.333
V,160,P,0.881
V,160,Y,-3.453
V,160,F,-4.947
V,160,W,-7.069
S,161,K,-5.81
S,161,R,-6.191
S,161,H,-6.414
S,161,E,-5.437
S,161,D,-2.414
S,161,N,-3.536
S,161,Q,-5.252
S,161,T,-5.785
S,161,S,0
S,161,C,-8.266
S,161,G,-3.962
S,161,A,-5.69
S,161,V,-9.668
S,161,L,-9.869
S,161,I,-12.284
S,161,M,-10.26
S,161,P,-2.363
S,161,Y,-10.649
S,161,F,-11.398
S,161,W,-12.529
I,162,K,-9.629
I,162,R,-9.118
I,162,H,-8.992
I,162,E,-9.269
I,162,D,-8.609
I,162,N,-8.896
I,162,Q,-8.606
I,162,T,-6.07
I,162,S,-6.173
I,162,C,-7.62
I,162,G,-7.608
I,162,A,-5.569
I,162,V,-4.036
I,162,L,-5.565
I,162,I,0
I,162,M,-6.585
I,162,P,-6.554
I,162,Y,-9.059
I,162,F,-8.298
I,162,W,-11.432
W,163,K,-9.104
W,163,R,-8.388
W,163,H,-8.67
W,163,E,-10.032
W,163,D,-8.888
W,163,N,-8.891
W,163,Q,-9.121
W,163,T,-7.608
W,163,S,-6.451
W,163,C,-8.061
W,163,G,-7.237
W,163,A,-7.75
W,163,V,-8.992
W,163,L,-7.493
W,163,I,-9.638
W,163,M,-9.679
W,163,P,-7.071
W,163,Y,-7.721
W,163,F,-6.459
W,163,W,0
S,164,K,-7.644
S,164,R,-7.399
S,164,H,-8.164
S,164,E,-7.667
S,164,D,-6.171
S,164,N,-5.78
S,164,Q,-7.263
S,164,T,-4.811
S,164,S,0
S,164,C,-9.109
S,164,G,-5.958
S,164,A,-5.319
S,164,V,-8.696
S,164,L,-8.542
S,164,I,-10.05
S,164,M,-9.03
S,164,P,-4.817
S,164,Y,-9.608
S,164,F,-9.746
S,164,W,-12.322
P,165,K,-6.48
P,165,R,-7.465
P,165,H,-7.262
P,165,E,-6.663
P,165,D,-6.163
P,165,N,-6.844
P,165,Q,-6.181
P,165,T,-5.881
P,165,S,-5.012
P,165,C,-8.575
P,165,G,-6.317
P,165,A,-5.388
P,165,V,-7.217
P,165,L,-6.657
P,165,I,-9.041
P,165,M,-8.27
P,165,P,0
P,165,Y,-8.005
P,165,F,-8.804
P,165,W,-11.88
A,166,K,-4.224
A,166,R,-3.766
A,166,H,-5.358
A,166,E,-6.554
A,166,D,-6.575
A,166,N,-6.147
A,166,Q,-5.036
A,166,T,-4.188
A,166,S,-3.41
A,166,C,-4.243
A,166,G,-3.827
A,166,A,0
A,166,V,-3.388
A,166,L,-3.457
A,166,I,-4.779
A,166,M,-5.507
A,166,P,-3.348
A,166,Y,-5.461
A,166,F,-5.836
A,166,W,-8.015
S,167,K,-4.686
S,167,R,-4.96
S,167,H,-6.177
S,167,E,-5.204
S,167,D,-5.704
S,167,N,-6.283
S,167,Q,-5.061
S,167,T,-4.679
S,167,S,0
S,167,C,-6.273
S,167,G,-4.321
S,167,A,-4.028
S,167,V,-5.261
S,167,L,-4.521
S,167,I,-7.023
S,167,M,-6.209
S,167,P,-3.895
S,167,Y,-6.133
S,167,F,-6.492
S,167,W,-8.457
E,168,K,-3.473
E,168,R,-2.981
E,168,H,-1.629
E,168,E,0
E,168,D,-2.558
E,168,N,-2.939
E,168,Q,-2.1
E,168,T,-1.322
E,168,S,-0.266
E,168,C,-2.296
E,168,G,-1.637
E,168,A,-0.848
E,168,V,-1.348
E,168,L,-0.235
E,168,I,-2.254
E,168,M,-2.316
E,168,P,-0.418
E,168,Y,-0.679
E,168,F,-1.37
E,168,W,-4.807
S,169,K,-6.275
S,169,R,-5.391
S,169,H,-5.822
S,169,E,-5.306
S,169,D,-5.691
S,169,N,-6.42
S,169,Q,-4.754
S,169,T,-4.561
S,169,S,0
S,169,C,-6.215
S,169,G,-4.545
S,169,A,-3.85
S,169,V,-5.296
S,169,L,-4.376
S,169,I,-7.194
S,169,M,-6.686
S,169,P,-2.871
S,169,Y,-6.127
S,169,F,-6.477
S,169,W,-8.199
P,170,K,-6.176
P,170,R,-5.449
P,170,H,-5.793
P,170,E,-5.843
P,170,D,-5.425
P,170,N,-6.738
P,170,Q,-5.391
P,170,T,-5.127
P,170,S,-3.564
P,170,C,-5.333
P,170,G,-4.192
P,170,A,-3.842
P,170,V,-5.195
P,170,L,-4.352
P,170,I,-6.844
P,170,M,-6.438
P,170,P,0
P,170,Y,-5.511
P,170,F,-5.985
P,170,W,-8.024
L,171,K,-4.627
L,171,R,-4.46
L,171,H,-5.517
L,171,E,-4.784
L,171,D,-5.031
L,171,N,-6.001
L,171,Q,-4.695
L,171,T,-4.004
L,171,S,-2.833
L,171,C,-4.947
L,171,G,-3.036
L,171,A,-3.23
L,171,V,-3.994
L,171,L,0
L,171,I,-5.945
L,171,M,-6.072
L,171,P,-3.373
L,171,Y,-4.561
L,171,F,-4.631
L,171,W,-5.596
P,172,K,-6.259
P,172,R,-5.511
P,172,H,-5.426
P,172,E,-4.998
P,172,D,-5.2
P,172,N,-5.799
P,172,Q,-4.57
P,172,T,-4.07
P,172,S,-2.901
P,172,C,-5.2
P,172,G,-3.78
P,172,A,-3.415
P,172,V,-4.963
P,172,L,-3.854
P,172,I,-6.833
P,172,M,-5.521
P,172,P,0
P,172,Y,-5.238
P,172,F,-5.778
P,172,W,-7.273
E,173,K,-5.258
E,173,R,-4.861
E,173,H,-4.452
E,173,E,0
E,173,D,-3.924
E,173,N,-5.173
E,173,Q,-3.146
E,173,T,-2.764
E,173,S,-1.824
E,173,C,-4.008
E,173,G,-2.246
E,173,A,-1.851
E,173,V,-3.111
E,173,L,-2.655
E,173,I,-5.158
E,173,M,-4.55
E,173,P,-1.456
E,173,Y,-4.567
E,173,F,-5.018
E,173,W,-6.3
A,174,K,-6.018
A,174,R,-5.619
A,174,H,-5.164
A,174,E,-4.68
A,174,D,-4.773
A,174,N,-6.05
A,174,Q,-4.511
A,174,T,-4.252
A,174,S,-3.601
A,174,C,-5.431
A,174,G,-3.803
A,174,A,0
A,174,V,-4.555
A,174,L,-3.816
A,174,I,-6.086
A,174,M,-5.999
A,174,P,-2.771
A,174,Y,-5.046
A,174,F,-5.128
A,174,W,-6.817
Q,175,K,-4.063
Q,175,R,-3.667
Q,175,H,-3.425
Q,175,E,-3.559
Q,175,D,-3.346
Q,175,N,-4.286
Q,175,Q,0
Q,175,T,-2.707
Q,175,S,-1.623
Q,175,C,-3.7
Q,175,G,-1.977
Q,175,A,-1.981
Q,175,V,-3.66
Q,175,L,-3.016
Q,175,I,-5.195
Q,175,M,-4.866
Q,175,P,-1.615
Q,175,Y,-3.482
Q,175,F,-4.287
Q,175,W,-5.661
R,176,K,-3.908
R,176,R,0
R,176,H,-3.987
R,176,E,-3.729
R,176,D,-3.183
R,176,N,-4.366
R,176,Q,-3.453
R,176,T,-2.926
R,176,S,-2.054
R,176,C,-4.922
R,176,G,-2.08
R,176,A,-2.112
R,176,V,-3.845
R,176,L,-3.056
R,176,I,-5.969
R,176,M,-4.692
R,176,P,-1.638
R,176,Y,-4.249
R,176,F,-5.06
R,176,W,-6.494
A,177,K,-5.966
A,177,R,-5.212
A,177,H,-4.692
A,177,E,-4.921
A,177,D,-4.305
A,177,N,-4.735
A,177,Q,-4.564
A,177,T,-4.073
A,177,S,-3.177
A,177,C,-5.641
A,177,G,-3.321
A,177,A,0
A,177,V,-5.294
A,177,L,-3.908
A,177,I,-6.904
A,177,M,-5.74
A,177,P,-2.511
A,177,Y,-4.964
A,177,F,-5.615
A,177,W,-7.428
G,178,K,-6.603
G,178,R,-5.811
G,178,H,-5.409
G,178,E,-4.08
G,178,D,-4.065
G,178,N,-5.947
G,178,Q,-4.871
G,178,T,-4.605
G,178,S,-2.97
G,178,C,-4.865
G,178,G,0
G,178,A,-3.466
G,178,V,-5.954
G,178,L,-5.426
G,178,I,-8.38
G,178,M,-6.906
G,178,P,-2.703
G,178,Y,-6.302
G,178,F,-6.418
G,178,W,-8.414
L,179,K,-6.008
L,179,R,-5.782
L,179,H,-5.276
L,179,E,-5.257
L,179,D,-5.077
L,179,N,-6.526
L,179,Q,-4.968
L,179,T,-4.261
L,179,S,-3.164
L,179,C,-5.375
L,179,G,-3.81
L,179,A,-3.496
L,179,V,-4.543
L,179,L,0
L,179,I,-6.203
L,179,M,-5.34
L,179,P,-2.927
L,179,Y,-4.771
L,179,F,-4.869
L,179,W,-6.889
V,180,K,-5.076
V,180,R,-4.749
V,180,H,-4.007
V,180,E,-3.279
V,180,D,-3.264
V,180,N,-4.511
V,180,Q,-3.185
V,180,T,-2.96
V,180,S,-1.909
V,180,C,-4.192
V,180,G,-1.909
V,180,A,-1.97
V,180,V,0
V,180,L,-2.39
V,180,I,-5.141
V,180,M,-4.375
V,180,P,-1.404
V,180,Y,-3.132
V,180,F,-3.952
V,180,W,-5.37
A,181,K,-5.671
A,181,R,-5.652
A,181,H,-4.889
A,181,E,-4.918
A,181,D,-4.102
A,181,N,-5.279
A,181,Q,-4.81
A,181,T,-3.772
A,181,S,-2.784
A,181,C,-5.472
A,181,G,-2.977
A,181,A,0
A,181,V,-5.124
A,181,L,-4.318
A,181,I,-6.662
A,181,M,-6.169
A,181,P,-2.585
A,181,Y,-4.695
A,181,F,-5.491
A,181,W,-7.589
S,182,K,-6.408
S,182,R,-5.726
S,182,H,-5.587
S,182,E,-5.122
S,182,D,-5.431
S,182,N,-6.027
S,182,Q,-4.773
S,182,T,-4.261
S,182,S,0
S,182,C,-6.087
S,182,G,-3.661
S,182,A,-3.738
S,182,V,-5.785
S,182,L,-4.641
S,182,I,-7.81
S,182,M,-6.028
S,182,P,-2.915
S,182,Y,-5.185
S,182,F,-6.321
S,182,W,-7.797
G,183,K,-5.796
G,183,R,-5.317
G,183,H,-4.387
G,183,E,-4.362
G,183,D,-4.567
G,183,N,-5.291
G,183,Q,-4.195
G,183,T,-3.448
G,183,S,-2.85
G,183,C,-4.996
G,183,G,0
G,183,A,-2.897
G,183,V,-4.103
G,183,L,-3.646
G,183,I,-5.811
G,183,M,-5.406
G,183,P,-2.669
G,183,Y,-4.006
G,183,F,-5.249
G,183,W,-7.09
P,184,K,-6.799
P,184,R,-5.825
P,184,H,-5.113
P,184,E,-5.7
P,184,D,-4.969
P,184,N,-5.974
P,184,Q,-4.994
P,184,T,-4.446
P,184,S,-3.252
P,184,C,-5.976
P,184,G,-3.688
P,184,A,-4.019
P,184,V,-5.82
P,184,L,-4.68
P,184,I,-7.523
P,184,M,-6.714
P,184,P,0
P,184,Y,-5.258
P,184,F,-6.046
P,184,W,-8.906
S,185,K,-6.396
S,185,R,-5.858
S,185,H,-5.157
S,185,E,-4.85
S,185,D,-4.532
S,185,N,-6.052
S,185,Q,-4.868
S,185,T,-4.322
S,185,S,0
S,185,C,-5.75
S,185,G,-3.559
S,185,A,-3.429
S,185,V,-5.123
S,185,L,-4.773
S,185,I,-7.098
S,185,M,-6.559
S,185,P,-3.165
S,185,Y,-5.578
S,185,F,-6.551
S,185,W,-8.977
L,186,K,-5.83
L,186,R,-5.491
L,186,H,-4.647
L,186,E,-5.337
L,186,D,-5.254
L,186,N,-5.975
L,186,Q,-4.361
L,186,T,-3.822
L,186,S,-2.943
L,186,C,-4.825
L,186,G,-3.559
L,186,A,-3.273
L,186,V,-4.269
L,186,L,0
L,186,I,-5.74
L,186,M,-5.251
L,186,P,-2.427
L,186,Y,-3.427
L,186,F,-4.266
L,186,W,-6.355
T,187,K,-5.962
T,187,R,-5.52
T,187,H,-4.068
T,187,E,-4.348
T,187,D,-3.68
T,187,N,-5.364
T,187,Q,-4.325
T,187,T,0
T,187,S,-2.385
T,187,C,-4.717
T,187,G,-2.636
T,187,A,-2.656
T,187,V,-4.376
T,187,L,-3.766
T,187,I,-6.3
T,187,M,-5.743
T,187,P,-2.148
T,187,Y,-3.925
T,187,F,-4.854
T,187,W,-6.892
S,188,K,-6.146
S,188,R,-6.066
S,188,H,-5.415
S,188,E,-5.228
S,188,D,-5.671
S,188,N,-6.499
S,188,Q,-4.607
S,188,T,-4.168
S,188,S,0
S,188,C,-6.591
S,188,G,-4.313
S,188,A,-3.939
S,188,V,-6.357
S,188,L,-5.444
S,188,I,-8.561
S,188,M,-6.239
S,188,P,-3.17
S,188,Y,-5.398
S,188,F,-7.247
S,188,W,-8.704
A,189,K,-6.418
A,189,R,-6.603
A,189,H,-4.93
A,189,E,-5.069
A,189,D,-3.798
A,189,N,-4.468
A,189,Q,-4.601
A,189,T,-3.894
A,189,S,-2.371
A,189,C,-5.811
A,189,G,-3.491
A,189,A,0
A,189,V,-5.198
A,189,L,-4.185
A,189,I,-6.914
A,189,M,-6.19
A,189,P,-3.426
A,189,Y,-4.853
A,189,F,-5.674
A,189,W,-8.019
P,190,K,-7.679
P,190,R,-7.775
P,190,H,-6.337
P,190,E,-5.147
P,190,D,-3.668
P,190,N,-6.107
P,190,Q,-5.873
P,190,T,-5.148
P,190,S,-3.654
P,190,C,-7.832
P,190,G,-3.848
P,190,A,-4.56
P,190,V,-7.963
P,190,L,-7.637
P,190,I,-9.87
P,190,M,-8.415
P,190,P,0
P,190,Y,-8.021
P,190,F,-8.868
P,190,W,-11.189
Y,191,K,-3.594
Y,191,R,-3.136
Y,191,H,-3.157
Y,191,E,-2.083
Y,191,D,-2.6
Y,191,N,-3.836
Y,191,Q,-2.065
Y,191,T,-1.141
Y,191,S,-0.385
Y,191,C,-3.055
Y,191,G,-1.165
Y,191,A,-0.595
Y,191,V,-1.917
Y,191,L,-1.393
Y,191,I,-3.763
Y,191,M,-2.639
Y,191,P,-0.191
Y,191,Y,0
Y,191,F,-3.489
Y,191,W,-5.371
A,192,K,-5.433
A,192,R,-5.159
A,192,H,-4.856
A,192,E,-4.106
A,192,D,-3.729
A,192,N,-4.773
A,192,Q,-3.803
A,192,T,-3.595
A,192,S,-2.325
A,192,C,-5.546
A,192,G,-2.62
A,192,A,0
A,192,V,-6.337
A,192,L,-5.768
A,192,I,-8.33
A,192,M,-6.033
A,192,P,-2.633
A,192,Y,-5.84
A,192,F,-7.434
A,192,W,-9.38
M,193,K,-3.202
M,193,R,-3.129
M,193,H,-2.068
M,193,E,-2.227
M,193,D,-1.717
M,193,N,-2.751
M,193,Q,-1.424
M,193,T,-1.144
M,193,S,0.126
M,193,C,-2.786
M,193,G,-0.668
M,193,A,-0.894
M,193,V,-3.236
M,193,L,-2.527
M,193,I,-5.789
M,193,M,0
M,193,P,0.087
M,193,Y,-1.858
M,193,F,-3.486
M,193,W,-6.031
T,194,K,-6.726
T,194,R,-6.132
T,194,H,-4.356
T,194,E,-4.105
T,194,D,-2.896
T,194,N,-4.554
T,194,Q,-4.388
T,194,T,0
T,194,S,-1.812
T,194,C,-5.665
T,194,G,-2.335
T,194,A,-2.725
T,194,V,-6.077
T,194,L,-6.125
T,194,I,-8.534
T,194,M,-6.727
T,194,P,-1.998
T,194,Y,-6.299
T,194,F,-7.672
T,194,W,-9.498
Y,195,K,-4.263
Y,195,R,-4.818
Y,195,H,-4.073
Y,195,E,-3.804
Y,195,D,-4.329
Y,195,N,-5.118
Y,195,Q,-3.409
Y,195,T,-2.664
Y,195,S,-1.9
Y,195,C,-4.694
Y,195,G,-2.761
Y,195,A,-2.368
Y,195,V,-4.257
Y,195,L,-3.33
Y,195,I,-6.212
Y,195,M,-4.245
Y,195,P,-1.117
Y,195,Y,0
Y,195,F,-4.37
Y,195,W,-5.933
A,196,K,-6.265
A,196,R,-6.516
A,196,H,-5.643
A,196,E,-4.855
A,196,D,-3.968
A,196,N,-4.587
A,196,Q,-4.707
A,196,T,-3.821
A,196,S,-2.515
A,196,C,-6.028
A,196,G,-3.336
A,196,A,0
A,196,V,-5.79
A,196,L,-5.417
A,196,I,-7.502
A,196,M,-6.46
A,196,P,-3.235
A,196,Y,-5.856
A,196,F,-6.946
A,196,W,-9.42
P,197,K,-7.363
P,197,R,-7.216
P,197,H,-6.496
P,197,E,-5.826
P,197,D,-5.5
P,197,N,-6.407
P,197,Q,-5.052
P,197,T,-4.889
P,197,S,-3.834
P,197,C,-7.975
P,197,G,-4.518
P,197,A,-4.706
P,197,V,-7.999
P,197,L,-7.859
P,197,I,-10.463
P,197,M,-7.712
P,197,P,0
P,197,Y,-7.175
P,197,F,-9.384
P,197,W,-11.269
A,198,K,-6.662
A,198,R,-6.366
A,198,H,-5.191
A,198,E,-5.261
A,198,D,-4.986
A,198,N,-6.011
A,198,Q,-4.712
A,198,T,-3.942
A,198,S,-3.033
A,198,C,-7.126
A,198,G,-4.164
A,198,A,0
A,198,V,-5.227
A,198,L,-5.066
A,198,I,-7.118
A,198,M,-6.201
A,198,P,-2.959
A,198,Y,-5.278
A,198,F,-6.817
A,198,W,-8.8
S,199,K,-7.442
S,199,R,-7.99
S,199,H,-6.805
S,199,E,-5.373
S,199,D,-5.598
S,199,N,-6.727
S,199,Q,-5.401
S,199,T,-4.347
S,199,S,0
S,199,C,-8.556
S,199,G,-4.542
S,199,A,-4.239
S,199,V,-7.417
S,199,L,-6.827
S,199,I,-10.083
S,199,M,-7.135
S,199,P,-3.243
S,199,Y,-7.382
S,199,F,-8.565
S,199,W,-10.763
A,200,K,-7.149
A,200,R,-7.051
A,200,H,-5.621
A,200,E,-4.96
A,200,D,-4.268
A,200,N,-6.096
A,200,Q,-5.147
A,200,T,-3.94
A,200,S,-2.824
A,200,C,-6.645
A,200,G,-3.544
A,200,A,0
A,200,V,-5.221
A,200,L,-4.627
A,200,I,-7.114
A,200,M,-5.868
A,200,P,-3.638
A,200,Y,-4.615
A,200,F,-5.665
A,200,W,-8.404
F,201,K,-6.881
F,201,R,-6.118
F,201,H,-4.813
F,201,E,-5.148
F,201,D,-4.602
F,201,N,-6.143
F,201,Q,-5.25
F,201,T,-3.825
F,201,S,-2.59
F,201,C,-4.962
F,201,G,-3.57
F,201,A,-2.959
F,201,V,-3.86
F,201,L,-3.091
F,201,I,-5.135
F,201,M,-4.997
F,201,P,-2.33
F,201,Y,-2.404
F,201,F,0
F,201,W,-6.557
C,202,K,-5.097
C,202,R,-4.64
C,202,H,-3.508
C,202,E,-3.067
C,202,D,-2.806
C,202,N,-4.013
C,202,Q,-3.062
C,202,T,-1.599
C,202,S,-0.88
C,202,C,0
C,202,G,-1.586
C,202,A,-1.349
C,202,V,-2.712
C,202,L,-2.184
C,202,I,-4.038
C,202,M,-3.441
C,202,P,-1.009
C,202,Y,-2.911
C,202,F,-3.992
C,202,W,-5.312
S,203,K,-6.251
S,203,R,-5.753
S,203,H,-5.053
S,203,E,-5.687
S,203,D,-5.794
S,203,N,-6.094
S,203,Q,-4.282
S,203,T,-4.412
S,203,S,0
S,203,C,-6.597
S,203,G,-3.953
S,203,A,-3.978
S,203,V,-5.874
S,203,L,-4.373
S,203,I,-7.891
S,203,M,-5.747
S,203,P,-3.269
S,203,Y,-4.331
S,203,F,-5.957
S,203,W,-7.368
S,204,K,-7.388
S,204,R,-6.793
S,204,H,-5.625
S,204,E,-5.581
S,204,D,-5.238
S,204,N,-6.188
S,204,Q,-4.74
S,204,T,-4.068
S,204,S,0
S,204,C,-6.984
S,204,G,-4.192
S,204,A,-3.411
S,204,V,-4.402
S,204,L,-3.7
S,204,I,-6.051
S,204,M,-5.164
S,204,P,-3.092
S,204,Y,-4.002
S,204,F,-5.077
S,204,W,-7.008
P,205,K,-7.358
P,205,R,-7.074
P,205,H,-5.763
P,205,E,-6.185
P,205,D,-5.801
P,205,N,-6.867
P,205,Q,-5.496
P,205,T,-4.629
P,205,S,-3.885
P,205,C,-7.17
P,205,G,-4.21
P,205,A,-3.918
P,205,V,-5.278
P,205,L,-4.571
P,205,I,-7.257
P,205,M,-6.415
P,205,P,0
P,205,Y,-4.336
P,205,F,-5.676
P,205,W,-8.169
S,206,K,-7.478
S,206,R,-7.613
S,206,H,-6.282
S,206,E,-5.275
S,206,D,-5.433
S,206,N,-6.484
S,206,Q,-4.989
S,206,T,-4.236
S,206,S,0
S,206,C,-6.876
S,206,G,-3.793
S,206,A,-3.583
S,206,V,-5.047
S,206,L,-4.291
S,206,I,-7.193
S,206,M,-5.842
S,206,P,-3.707
S,206,Y,-5.125
S,206,F,-5.84
S,206,W,-8.438
A,207,K,-8.008
A,207,R,-7.43
A,207,H,-5.6
A,207,E,-5.844
A,207,D,-5.072
A,207,N,-6.461
A,207,Q,-5.722
A,207,T,-4.099
A,207,S,-2.971
A,207,C,-5.703
A,207,G,-3.578
A,207,A,0
A,207,V,-4.567
A,207,L,-3.074
A,207,I,-5.564
A,207,M,-5.289
A,207,P,-3.166
A,207,Y,-3.858
A,207,F,-3.894
A,207,W,-7.453
Y,208,K,-6.597
Y,208,R,-6.696
Y,208,H,-5.494
Y,208,E,-6.126
Y,208,D,-6.146
Y,208,N,-6.592
Y,208,Q,-5.068
Y,208,T,-4.465
Y,208,S,-3.503
Y,208,C,-5.894
Y,208,G,-4.158
Y,208,A,-3.674
Y,208,V,-3.973
Y,208,L,-2.952
Y,208,I,-5.143
Y,208,M,-4.77
Y,208,P,-3.025
Y,208,Y,0
Y,208,F,-3.512
Y,208,W,-6.28
G,209,K,-7.227
G,209,R,-6.541
G,209,H,-5.342
G,209,E,-4.84
G,209,D,-4.31
G,209,N,-5.861
G,209,Q,-4.998
G,209,T,-3.491
G,209,S,-2.769
G,209,C,-5.458
G,209,G,0
G,209,A,-3.385
G,209,V,-5.07
G,209,L,-4.3
G,209,I,-6.433
G,209,M,-5.4
G,209,P,-3.289
G,209,Y,-4.121
G,209,F,-5.511
G,209,W,-8.103
S,210,K,-7.074
S,210,R,-6.125
S,210,H,-5.006
S,210,E,-5.615
S,210,D,-5.545
S,210,N,-5.784
S,210,Q,-4.707
S,210,T,-4.236
S,210,S,0
S,210,C,-6.142
S,210,G,-3.757
S,210,A,-3.414
S,210,V,-4.688
S,210,L,-3.787
S,210,I,-6.246
S,210,M,-5.494
S,210,P,-3.593
S,210,Y,-4.483
S,210,F,-5.4
S,210,W,-8.069
P,211,K,-7.365
P,211,R,-6.834
P,211,H,-5.342
P,211,E,-4.962
P,211,D,-4.477
P,211,N,-6.102
P,211,Q,-4.934
P,211,T,-4.268
P,211,S,-3.358
P,211,C,-5.966
P,211,G,-3.878
P,211,A,-3.813
P,211,V,-5.504
P,211,L,-5.249
P,211,I,-7.541
P,211,M,-6.498
P,211,P,0
P,211,Y,-3.94
P,211,F,-5.902
P,211,W,-8.448
S,212,K,-7.444
S,212,R,-6.813
S,212,H,-5.7
S,212,E,-5.468
S,212,D,-5.216
S,212,N,-6.123
S,212,Q,-4.974
S,212,T,-4.225
S,212,S,0
S,212,C,-6.157
S,212,G,-3.576
S,212,A,-3.55
S,212,V,-4.985
S,212,L,-4.409
S,212,I,-6.873
S,212,M,-5.965
S,212,P,-3.62
S,212,Y,-4.747
S,212,F,-5.784
S,212,W,-8.62
S,213,K,-8.779
S,213,R,-7.934
S,213,H,-5.866
S,213,E,-6.321
S,213,D,-5.477
S,213,N,-6.537
S,213,Q,-5.816
S,213,T,-4.763
S,213,S,0
S,213,C,-6.474
S,213,G,-3.798
S,213,A,-4.15
S,213,V,-6.452
S,213,L,-5.687
S,213,I,-8.337
S,213,M,-7.106
S,213,P,-4.134
S,213,Y,-5.935
S,213,F,-6.384
S,213,W,-9.978
Y,214,K,-7.56
Y,214,R,-6.418
Y,214,H,-4.083
Y,214,E,-5.491
Y,214,D,-5.236
Y,214,N,-5.876
Y,214,Q,-4.674
Y,214,T,-3.576
Y,214,S,-2.327
Y,214,C,-4.49
Y,214,G,-3.203
Y,214,A,-2.611
Y,214,V,-4.144
Y,214,L,-3.153
Y,214,I,-5.432
Y,214,M,-4.957
Y,214,P,-2.603
Y,214,Y,0
Y,214,F,-3.216
Y,214,W,-7.266
F,215,K,-6.393
F,215,R,-5.186
F,215,H,-4.144
F,215,E,-4.583
F,215,D,-4.059
F,215,N,-4.785
F,215,Q,-4.326
F,215,T,-2.885
F,215,S,-1.755
F,215,C,-3.745
F,215,G,-1.691
F,215,A,-2.352
F,215,V,-3.303
F,215,L,-2.503
F,215,I,-4.612
F,215,M,-4.002
F,215,P,-2.455
F,215,Y,-2.668
F,215,F,0
F,215,W,-6.254
S,216,K,-7.316
S,216,R,-6.73
S,216,H,-5.373
S,216,E,-6.361
S,216,D,-5.858
S,216,N,-5.049
S,216,Q,-5.027
S,216,T,-4.555
S,216,S,0
S,216,C,-6.779
S,216,G,-3.697
S,216,A,-4.71
S,216,V,-7.094
S,216,L,-5.695
S,216,I,-8.68
S,216,M,-6.459
S,216,P,-3.971
S,216,Y,-5.919
S,216,F,-7.28
S,216,W,-9.662
G,217,K,-6.872
G,217,R,-6.474
G,217,H,-4.907
G,217,E,-6.234
G,217,D,-5.838
G,217,N,-5.657
G,217,Q,-4.845
G,217,T,-3.921
G,217,S,-2.704
G,217,C,-5.348
G,217,G,0
G,217,A,-3.453
G,217,V,-5.729
G,217,L,-5.314
G,217,I,-7.885
G,217,M,-6.163
G,217,P,-2.4
G,217,Y,-5.172
G,217,F,-6.184
G,217,W,-8.806
L,218,K,-6.886
L,218,R,-5.977
L,218,H,-5.49
L,218,E,-7.622
L,218,D,-8.224
L,218,N,-7.062
L,218,Q,-4.689
L,218,T,-4.342
L,218,S,-3.914
L,218,C,-5.485
L,218,G,-4.554
L,218,A,-3.989
L,218,V,-4.244
L,218,L,0
L,218,I,-5.661
L,218,M,-3.869
L,218,P,-3.976
L,218,Y,-3.615
L,218,F,-5.081
L,218,W,-7.089
D,219,K,-7.164
D,219,R,-6.707
D,219,H,-4.735
D,219,E,-4.198
D,219,D,0
D,219,N,-4.075
D,219,Q,-3.899
D,219,T,-3.828
D,219,S,-2
D,219,C,-5.97
D,219,G,-2.508
D,219,A,-3.609
D,219,V,-6.188
D,219,L,-5.979
D,219,I,-8.583
D,219,M,-6.576
D,219,P,-3.29
D,219,Y,-6.275
D,219,F,-7.444
D,219,W,-9.976
P,220,K,-7.079
P,220,R,-6.28
P,220,H,-5.185
P,220,E,-5.918
P,220,D,-5.641
P,220,N,-5.805
P,220,Q,-5.028
P,220,T,-4.029
P,220,S,-2.432
P,220,C,-5.667
P,220,G,-3.735
P,220,A,-4.114
P,220,V,-7.235
P,220,L,-6.435
P,220,I,-9.308
P,220,M,-7.472
P,220,P,0
P,220,Y,-6.05
P,220,F,-7.374
P,220,W,-10.36
Y,221,K,-4.664
Y,221,R,-4.056
Y,221,H,-3.901
Y,221,E,-4.764
Y,221,D,-4.408
Y,221,N,-4.579
Y,221,Q,-4.098
Y,221,T,-3.023
Y,221,S,-1.833
Y,221,C,-3.622
Y,221,G,-2.173
Y,221,A,-2.144
Y,221,V,-3.302
Y,221,L,-2.972
Y,221,I,-5.268
Y,221,M,-4.339
Y,221,P,-2.891
Y,221,Y,0
Y,221,F,-4.03
Y,221,W,-4.232
L,222,K,-4.594
L,222,R,-3.761
L,222,H,-4.25
L,222,E,-4.866
L,222,D,-4.26
L,222,N,-4.199
L,222,Q,-3.978
L,222,T,-2.865
L,222,S,-1.188
L,222,C,-2.419
L,222,G,-0.892
L,222,A,-2.047
L,222,V,-4.019
L,222,L,0
L,222,I,-5.514
L,222,M,-4.398
L,222,P,-3.144
L,222,Y,-3.308
L,222,F,-3.884
L,222,W,-6.294
S,223,K,-7.304
S,223,R,-6.794
S,223,H,-5.681
S,223,E,-6.544
S,223,D,-5.806
S,223,N,-5.106
S,223,Q,-5.3
S,223,T,-4.948
S,223,S,0
S,223,C,-6.646
S,223,G,-4.077
S,223,A,-4.68
S,223,V,-7.133
S,223,L,-6.442
S,223,I,-9.148
S,223,M,-7.308
S,223,P,-4.537
S,223,Y,-6.194
S,223,F,-7.895
S,223,W,-10.05
P,224,K,-7.722
P,224,R,-7.011
P,224,H,-5.759
P,224,E,-7.367
P,224,D,-7.036
P,224,N,-6.143
P,224,Q,-5.342
P,224,T,-4.22
P,224,S,-3.044
P,224,C,-5.649
P,224,G,-3.948
P,224,A,-4.29
P,224,V,-6.913
P,224,L,-6.527
P,224,I,-9.192
P,224,M,-7.034
P,224,P,0
P,224,Y,-6.273
P,224,F,-7.903
P,224,W,-9.564
M,225,K,-3.193
M,225,R,-2.494
M,225,H,-2.174
M,225,E,-3.386
M,225,D,-3.289
M,225,N,-3
M,225,Q,-1.452
M,225,T,-1.271
M,225,S,-0.003
M,225,C,-2.172
M,225,G,-0.513
M,225,A,-0.596
M,225,V,-2.332
M,225,L,-2.102
M,225,I,-4.698
M,225,M,0
M,225,P,-0.807
M,225,Y,-2.104
M,225,F,-3.606
M,225,W,-5.296
V,226,K,-4.428
V,226,R,-4.253
V,226,H,-3.451
V,226,E,-3.564
V,226,D,-3.087
V,226,N,-4.018
V,226,Q,-2.99
V,226,T,-2.606
V,226,S,-1.249
V,226,C,-3.793
V,226,G,-1.33
V,226,A,-1.655
V,226,V,0
V,226,L,-3.007
V,226,I,-5.671
V,226,M,-4.325
V,226,P,-2.244
V,226,Y,-3.366
V,226,F,-4.041
V,226,W,-6.215
P,227,K,-7.548
P,227,R,-6.317
P,227,H,-5.441
P,227,E,-6.37
P,227,D,-5.746
P,227,N,-5.408
P,227,Q,-5.067
P,227,T,-4.263
P,227,S,-2.77
P,227,C,-5.872
P,227,G,-3.307
P,227,A,-4.365
P,227,V,-7.182
P,227,L,-6.624
P,227,I,-9.675
P,227,M,-7.394
P,227,P,0
P,227,Y,-6.676
P,227,F,-8.043
P,227,W,-10.11
Q,228,K,-5.427
Q,228,R,-4.683
Q,228,H,-3.758
Q,228,E,-3.909
Q,228,D,-3.549
Q,228,N,-3.826
Q,228,Q,0
Q,228,T,-2.529
Q,228,S,-0.933
Q,228,C,-4.7
Q,228,G,-1.195
Q,228,A,-1.796
Q,228,V,-3.973
Q,228,L,-3.911
Q,228,I,-6.268
Q,228,M,-4.917
Q,228,P,-1.595
Q,228,Y,-4.395
Q,228,F,-5.765
Q,228,W,-7.967
L,229,K,-7.025
L,229,R,-5.633
L,229,H,-4.758
L,229,E,-6.16
L,229,D,-5.788
L,229,N,-5.822
L,229,Q,-4.66
L,229,T,-4.125
L,229,S,-3.39
L,229,C,-5.411
L,229,G,-3.537
L,229,A,-3.455
L,229,V,-4.469
L,229,L,0
L,229,I,-6.043
L,229,M,-4.705
L,229,P,-3.298
L,229,Y,-3.873
L,229,F,-4.996
L,229,W,-6.434
G,230,K,-6.502
G,230,R,-6.217
G,230,H,-5.334
G,230,E,-5.863
G,230,D,-5.648
G,230,N,-5.496
G,230,Q,-4.386
G,230,T,-3.825
G,230,S,-2.891
G,230,C,-5.759
G,230,G,0
G,230,A,-3.575
G,230,V,-5.415
G,230,L,-4.629
G,230,I,-7.439
G,230,M,-5.71
G,230,P,-2.953
G,230,Y,-5.51
G,230,F,-6.563
G,230,W,-8.718
G,231,K,-6.19
G,231,R,-5.615
G,231,H,-4.503
G,231,E,-5.629
G,231,D,-5.443
G,231,N,-5.234
G,231,Q,-4.247
G,231,T,-3.723
G,231,S,-2.426
G,231,C,-5.482
G,231,G,0
G,231,A,-3.334
G,231,V,-4.846
G,231,L,-3.831
G,231,I,-6.345
G,231,M,-5.242
G,231,P,-3.19
G,231,Y,-3.978
G,231,F,-5.425
G,231,W,-7.694
P,232,K,-6.52
P,232,R,-5.376
P,232,H,-4.47
P,232,E,-6.304
P,232,D,-6.634
P,232,N,-5.664
P,232,Q,-3.939
P,232,T,-3.908
P,232,S,-2.674
P,232,C,-5.249
P,232,G,-2.989
P,232,A,-3.503
P,232,V,-5.333
P,232,L,-4.192
P,232,I,-7.399
P,232,M,-5.809
P,232,P,0
P,232,Y,-4.926
P,232,F,-5.958
P,232,W,-8.07
A,233,K,-5.974
A,233,R,-5.809
A,233,H,-5.185
A,233,E,-6.132
A,233,D,-6.075
A,233,N,-5.374
A,233,Q,-4.566
A,233,T,-4.002
A,233,S,-2.734
A,233,C,-5.228
A,233,G,-3.243
A,233,A,0
A,233,V,-4.781
A,233,L,-4.144
A,233,I,-6.557
A,233,M,-5.742
A,233,P,-3.789
A,233,Y,-4.882
A,233,F,-5.934
A,233,W,-8.333
L,234,K,-7.15
L,234,R,-6.22
L,234,H,-5.367
L,234,E,-7.152
L,234,D,-6.75
L,234,N,-6.841
L,234,Q,-5.19
L,234,T,-4.677
L,234,S,-3.901
L,234,C,-5.213
L,234,G,-4.32
L,234,A,-4.32
L,234,V,-4.729
L,234,L,0
L,234,I,-5.968
L,234,M,-5.198
L,234,P,-4.009
L,234,Y,-4.088
L,234,F,-4.586
L,234,W,-5.93
S,235,K,-8.346
S,235,R,-7.411
S,235,H,-6.085
S,235,E,-6.472
S,235,D,-5.741
S,235,N,-5.918
S,235,Q,-5.659
S,235,T,-4.466
S,235,S,0
S,235,C,-6.713
S,235,G,-3.504
S,235,A,-4.006
S,235,V,-5.814
S,235,L,-5.157
S,235,I,-7.803
S,235,M,-6.779
S,235,P,-3.851
S,235,Y,-6.003
S,235,F,-7.048
S,235,W,-9.264
P,236,K,-7.504
P,236,R,-6.587
P,236,H,-5.134
P,236,E,-5.96
P,236,D,-5.882
P,236,N,-5.939
P,236,Q,-4.785
P,236,T,-4.337
P,236,S,-2.977
P,236,C,-6.012
P,236,G,-3.336
P,236,A,-3.682
P,236,V,-5.803
P,236,L,-5.154
P,236,I,-8.121
P,236,M,-6.553
P,236,P,0
P,236,Y,-5.423
P,236,F,-6.432
P,236,W,-8.655
L,237,K,-7.927
L,237,R,-6.956
L,237,H,-5.932
L,237,E,-7.765
L,237,D,-7.453
L,237,N,-6.732
L,237,Q,-6.3
L,237,T,-4.476
L,237,S,-4.097
L,237,C,-5.964
L,237,G,-4.481
L,237,A,-4.055
L,237,V,-4.026
L,237,L,0
L,237,I,-4.649
L,237,M,-5.23
L,237,P,-4.181
L,237,Y,-3.97
L,237,F,-4.816
L,237,W,-6.55
S,238,K,-7.178
S,238,R,-6.396
S,238,H,-5.577
S,238,E,-6.186
S,238,D,-6.406
S,238,N,-6.06
S,238,Q,-4.782
S,238,T,-4.216
S,238,S,0
S,238,C,-5.639
S,238,G,-3.249
S,238,A,-3.294
S,238,V,-4.252
S,238,L,-3.383
S,238,I,-6.389
S,238,M,-4.961
S,238,P,-3.796
S,238,Y,-4.736
S,238,F,-6.075
S,238,W,-7.306
G,239,K,-6.882
G,239,R,-6.008
G,239,H,-4.965
G,239,E,-5.933
G,239,D,-5.921
G,239,N,-5.358
G,239,Q,-4.485
G,239,T,-3.75
G,239,S,-2.775
G,239,C,-5.257
G,239,G,0
G,239,A,-3.487
G,239,V,-4.242
G,239,L,-3.465
G,239,I,-5.725
G,239,M,-4.875
G,239,P,-3.299
G,239,Y,-3.805
G,239,F,-5.137
G,239,W,-6.643
P,240,K,-7.663
P,240,R,-6.412
P,240,H,-4.569
P,240,E,-7.002
P,240,D,-6.528
P,240,N,-6.262
P,240,Q,-5.002
P,240,T,-4.517
P,240,S,-3.313
P,240,C,-5.42
P,240,G,-3.736
P,240,A,-3.829
P,240,V,-4.361
P,240,L,-2.944
P,240,I,-5.73
P,240,M,-5.645
P,240,P,0
P,240,Y,-3.789
P,240,F,-4.442
P,240,W,-7.117
S,241,K,-7.299
S,241,R,-6.599
S,241,H,-5.557
S,241,E,-5.99
S,241,D,-5.988
S,241,N,-6.113
S,241,Q,-5.083
S,241,T,-4.168
S,241,S,0
S,241,C,-5.539
S,241,G,-3.993
S,241,A,-3.624
S,241,V,-4.264
S,241,L,-3.325
S,241,I,-5.688
S,241,M,-5.203
S,241,P,-3.384
S,241,Y,-4.452
S,241,F,-5.251
S,241,W,-7.258
V,242,K,-5.971
V,242,R,-4.789
V,242,H,-4.201
V,242,E,-6.125
V,242,D,-6.315
V,242,N,-5.539
V,242,Q,-3.427
V,242,T,-3.377
V,242,S,-2.338
V,242,C,-4.236
V,242,G,-2.89
V,242,A,-2.901
V,242,V,0
V,242,L,-0.815
V,242,I,-4.722
V,242,M,-3.516
V,242,P,-1.612
V,242,Y,-3.135
V,242,F,-3.569
V,242,W,-4.951
G,243,K,-7.288
G,243,R,-6.638
G,243,H,-4.832
G,243,E,-5.49
G,243,D,-5.148
G,243,N,-4.766
G,243,Q,-4.825
G,243,T,-2.819
G,243,S,-1.817
G,243,C,-3.686
G,243,G,0
G,243,A,-3.16
G,243,V,-3.973
G,243,L,-3.722
G,243,I,-5.39
G,243,M,-5.08
G,243,P,-3.228
G,243,Y,-3.543
G,243,F,-4.564
G,243,W,-6.138
P,244,K,-7.309
P,244,R,-6.433
P,244,H,-4.937
P,244,E,-6.804
P,244,D,-6.391
P,244,N,-6.147
P,244,Q,-4.62
P,244,T,-4.419
P,244,S,-3.062
P,244,C,-5.694
P,244,G,-3.757
P,244,A,-4.058
P,244,V,-5.179
P,244,L,-3.269
P,244,I,-6.67
P,244,M,-6.003
P,244,P,0
P,244,Y,-4.574
P,244,F,-5.246
P,244,W,-7.922
S,245,K,-7.77
S,245,R,-6.824
S,245,H,-5.443
S,245,E,-6.651
S,245,D,-6.504
S,245,N,-5.974
S,245,Q,-5.337
S,245,T,-4.351
S,245,S,0
S,245,C,-5.629
S,245,G,-3.769
S,245,A,-3.692
S,245,V,-5.065
S,245,L,-4.314
S,245,I,-6.65
S,245,M,-6.254
S,245,P,-3.842
S,245,Y,-5.061
S,245,F,-6.076
S,245,W,-8.112
L,246,K,-7.155
L,246,R,-6.488
L,246,H,-6.138
L,246,E,-6.847
L,246,D,-7.19
L,246,N,-7.024
L,246,Q,-5.285
L,246,T,-4.534
L,246,S,-3.621
L,246,C,-4.669
L,246,G,-4.05
L,246,A,-4.033
L,246,V,-4.796
L,246,L,0
L,246,I,-6.339
L,246,M,-4.926
L,246,P,-3.357
L,246,Y,-4.41
L,246,F,-5.002
L,246,W,-6.089
A,247,K,-6.425
A,247,R,-6.233
A,247,H,-5.335
A,247,E,-6.482
A,247,D,-6.212
A,247,N,-5.309
A,247,Q,-4.878
A,247,T,-3.867
A,247,S,-3.102
A,247,C,-5.336
A,247,G,-3.161
A,247,A,0
A,247,V,-4.432
A,247,L,-3.456
A,247,I,-5.777
A,247,M,-5.4
A,247,P,-3.538
A,247,Y,-4.211
A,247,F,-4.646
A,247,W,-6.957
Q,248,K,-4.699
Q,248,R,-4.38
Q,248,H,-3.42
Q,248,E,-5.244
Q,248,D,-4.699
Q,248,N,-4.44
Q,248,Q,0
Q,248,T,-2.632
Q,248,S,-1.659
Q,248,C,-3.93
Q,248,G,-2.446
Q,248,A,-2.487
Q,248,V,-3.312
Q,248,L,-1.515
Q,248,I,-4.414
Q,248,M,-3.609
Q,248,P,-1.865
Q,248,Y,-1.625
Q,248,F,-2.922
Q,248,W,-4.27
S,249,K,-7.705
S,249,R,-7.181
S,249,H,-5.744
S,249,E,-6.492
S,249,D,-5.886
S,249,N,-5.477
S,249,Q,-5.239
S,249,T,-3.629
S,249,S,0
S,249,C,-6.349
S,249,G,-3.857
S,249,A,-3.623
S,249,V,-4.398
S,249,L,-3.938
S,249,I,-5.766
S,249,M,-5.694
S,249,P,-3.694
S,249,Y,-4.481
S,249,F,-5.456
S,249,W,-7.738
P,250,K,-7.469
P,250,R,-6.842
P,250,H,-5.234
P,250,E,-6.795
P,250,D,-6.796
P,250,N,-6.367
P,250,Q,-4.96
P,250,T,-4.596
P,250,S,-3.851
P,250,C,-5.202
P,250,G,-4.592
P,250,A,-4.022
P,250,V,-4.553
P,250,L,-3.245
P,250,I,-5.826
P,250,M,-5.089
P,250,P,0
P,250,Y,-3.287
P,250,F,-3.93
P,250,W,-6.385
T,251,K,-6.21
T,251,R,-5.652
T,251,H,-4.406
T,251,E,-5.472
T,251,D,-5.32
T,251,N,-5.103
T,251,Q,-4.042
T,251,T,0
T,251,S,-2.313
T,251,C,-3.423
T,251,G,-2.198
T,251,A,-2.48
T,251,V,-3.186
T,251,L,-2.2
T,251,I,-4.72
T,251,M,-4.245
T,251,P,-2.691
T,251,Y,-2.295
T,251,F,-3.335
T,251,W,-5.129
S,252,K,-7.244
S,252,R,-6.984
S,252,H,-4.394
S,252,E,-6.156
S,252,D,-5.852
S,252,N,-5.981
S,252,Q,-4.704
S,252,T,-4.642
S,252,S,0
S,252,C,-6.249
S,252,G,-3.705
S,252,A,-3.828
S,252,V,-4.989
S,252,L,-3.777
S,252,I,-6.686
S,252,M,-5.656
S,252,P,-3.588
S,252,Y,-4.521
S,252,F,-5.034
S,252,W,-7.522
L,253,K,-7.343
L,253,R,-7.152
L,253,H,-5.689
L,253,E,-7.811
L,253,D,-7.34
L,253,N,-6.714
L,253,Q,-5.916
L,253,T,-4.648
L,253,S,-3.9
L,253,C,-5.818
L,253,G,-4.634
L,253,A,-4.2
L,253,V,-4.601
L,253,L,0
L,253,I,-5.337
L,253,M,-5.385
L,253,P,-4.219
L,253,Y,-3.517
L,253,F,-4.028
L,253,W,-6.219
S,254,K,-6.491
S,254,R,-6.446
S,254,H,-5.006
S,254,E,-6.46
S,254,D,-6.456
S,254,N,-5.403
S,254,Q,-4.666
S,254,T,-3.945
S,254,S,0
S,254,C,-5.27
S,254,G,-3.495
S,254,A,-3.516
S,254,V,-4.301
S,254,L,-3.013
S,254,I,-5.6
S,254,M,-4.845
S,254,P,-3.277
S,254,Y,-3.276
S,254,F,-4.413
S,254,W,-6.487
G,255,K,-5.644
G,255,R,-5.244
G,255,H,-4.741
G,255,E,-6.32
G,255,D,-6.259
G,255,N,-5.511
G,255,Q,-4.078
G,255,T,-3.638
G,255,S,-2.377
G,255,C,-4.704
G,255,G,0
G,255,A,-3.106
G,255,V,-4.763
G,255,L,-3.345
G,255,I,-6.498
G,255,M,-5.032
G,255,P,-2.179
G,255,Y,-4.006
G,255,F,-4.817
G,255,W,-7.167
Q,256,K,-4.669
Q,256,R,-4.228
Q,256,H,-3.352
Q,256,E,-6.002
Q,256,D,-5.407
Q,256,N,-4.05
Q,256,Q,0
Q,256,T,-2.589
Q,256,S,-1.546
Q,256,C,-3.892
Q,256,G,-2.162
Q,256,A,-2.197
Q,256,V,-3.078
Q,256,L,-1.445
Q,256,I,-4.185
Q,256,M,-3.616
Q,256,P,-1.392
Q,256,Y,-2.171
Q,256,F,-2.114
Q,256,W,-5.415
S,257,K,-6.574
S,257,R,-6.035
S,257,H,-5.358
S,257,E,-6.092
S,257,D,-5.272
S,257,N,-5.456
S,257,Q,-5.07
S,257,T,-4.096
S,257,S,0
S,257,C,-6.14
S,257,G,-3.47
S,257,A,-3.745
S,257,V,-5.354
S,257,L,-4.62
S,257,I,-6.92
S,257,M,-6.579
S,257,P,-3.952
S,257,Y,-5.654
S,257,F,-5.875
S,257,W,-8.464
Y,258,K,-3.794
Y,258,R,-3.067
Y,258,H,-3.019
Y,258,E,-5.178
Y,258,D,-5.223
Y,258,N,-4.479
Y,258,Q,-2.769
Y,258,T,-2.637
Y,258,S,-1.774
Y,258,C,-3.841
Y,258,G,-2.383
Y,258,A,-2.271
Y,258,V,-2.874
Y,258,L,-1.1
Y,258,I,-4.104
Y,258,M,-3.253
Y,258,P,-1.148
Y,258,Y,0
Y,258,F,-2.808
Y,258,W,-4.605
G,259,K,-5.413
G,259,R,-5.676
G,259,H,-5.105
G,259,E,-6.878
G,259,D,-6.373
G,259,N,-4.666
G,259,Q,-4.643
G,259,T,-4.117
G,259,S,-2.799
G,259,C,-4.13
G,259,G,0
G,259,A,-4.169
G,259,V,-6.171
G,259,L,-4.899
G,259,I,-7.654
G,259,M,-5.9
G,259,P,-3.533
G,259,Y,-4.417
G,259,F,-4.356
G,259,W,-8.435
A,260,K,-6.015
A,260,R,-5.006
A,260,H,-5.098
A,260,E,-8.221
A,260,D,-7.396
A,260,N,-5.114
A,260,Q,-4.946
A,260,T,-3.198
A,260,S,-2.599
A,260,C,-5.539
A,260,G,-3.677
A,260,A,0
A,260,V,-5.275
A,260,L,-4.144
A,260,I,-6.457
A,260,M,-5.873
A,260,P,-3.188
A,260,Y,-5.313
A,260,F,-5.595
A,260,W,-8.532
Y,261,K,-5.031
Y,261,R,-4.364
Y,261,H,-2.946
Y,261,E,-6.227
Y,261,D,-5.718
Y,261,N,-4.797
Y,261,Q,-3.707
Y,261,T,-3.612
Y,261,S,-2.799
Y,261,C,-4.275
Y,261,G,-3.141
Y,261,A,-2.932
Y,261,V,-2.933
Y,261,L,-1.701
Y,261,I,-3.824
Y,261,M,-3.581
Y,261,P,-2.339
Y,261,Y,0
Y,261,F,-2.76
Y,261,W,-3.538
S,262,K,-6.146
S,262,R,-6.937
S,262,H,-5.524
S,262,E,-8.022
S,262,D,-6.575
S,262,N,-2.57
S,262,Q,-6.036
S,262,T,-4.785
S,262,S,0
S,262,C,-6.736
S,262,G,-3.825
S,262,A,-4.806
S,262,V,-7.153
S,262,L,-7.067
S,262,I,-8.18
S,262,M,-7.975
S,262,P,-4.862
S,262,Y,-7.154
S,262,F,-7.792
S,262,W,-11.155
P,263,K,-5.959
P,263,R,-7.064
P,263,H,-6.398
P,263,E,-8.969
P,263,D,-8.573
P,263,N,-5.907
P,263,Q,-5.753
P,263,T,-4.818
P,263,S,-3.849
P,263,C,-8.322
P,263,G,-4.921
P,263,A,-4.752
P,263,V,-7.636
P,263,L,-7.645
P,263,I,-9.855
P,263,M,-8.116
P,263,P,0
P,263,Y,-7.923
P,263,F,-9.21
P,263,W,-11.498
V,264,K,-3.705
V,264,R,-4.735
V,264,H,-5.797
V,264,E,-8.954
V,264,D,-9.936
V,264,N,-6.942
V,264,Q,-4.407
V,264,T,-3.987
V,264,S,-4.367
V,264,C,-6.166
V,264,G,-5.55
V,264,A,-4.337
V,264,V,0
V,264,L,-2.235
V,264,I,-4.299
V,264,M,-1.613
V,264,P,-4.28
V,264,Y,-3.749
V,264,F,-5.357
V,264,W,-6.752
D,265,K,-6.947
D,265,R,-7.25
D,265,H,-5.415
D,265,E,-5.078
D,265,D,0
D,265,N,-3.393
D,265,Q,-5.339
D,265,T,-4.176
D,265,S,-2.25
D,265,C,-5.419
D,265,G,-2.697
D,265,A,-4.3
D,265,V,-7.408
D,265,L,-7.349
D,265,I,-9.142
D,265,M,-8.078
D,265,P,-3.88
D,265,Y,-6.403
D,265,F,-7.454
D,265,W,-10.804
S,266,K,-7.477
S,266,R,-7.079
S,266,H,-5.778
S,266,E,-10.501
S,266,D,-9.719
S,266,N,-6.041
S,266,Q,-5.439
S,266,T,-4.417
S,266,S,0
S,266,C,-7.521
S,266,G,-5.536
S,266,A,-5.005
S,266,V,-7.941
S,266,L,-7.249
S,266,I,-9.586
S,266,M,-7.93
S,266,P,-2.476
S,266,Y,-8.246
S,266,F,-9.125
S,266,W,-12.576
L,267,K,-7.696
L,267,R,-7.512
L,267,H,-7.838
L,267,E,-10.948
L,267,D,-11.723
L,267,N,-9.095
L,267,Q,-6.862
L,267,T,-5.999
L,267,S,-6.283
L,267,C,-7.811
L,267,G,-7.376
L,267,A,-6.347
L,267,V,-5.469
L,267,L,0
L,267,I,-6.248
L,267,M,-4.907
L,267,P,-6.272
L,267,Y,-7.274
L,267,F,-6.96
L,267,W,-8.894
E,268,K,-7.511
E,268,R,-9.046
E,268,H,-6.308
E,268,E,0
E,268,D,-0.8
E,268,N,-3.852
E,268,Q,-6.373
E,268,T,-5.384
E,268,S,-4.064
E,268,C,-7.529
E,268,G,-4.085
E,268,A,-4.955
E,268,V,-7.685
E,268,L,-8.42
E,268,I,-9.677
E,268,M,-9.196
E,268,P,-5.211
E,268,Y,-7.863
E,268,F,-9.011
E,268,W,-12.053
F,269,K,-8.291
F,269,R,-7.453
F,269,H,-5.392
F,269,E,-10.781
F,269,D,-10.126
F,269,N,-7.301
F,269,Q,-6.857
F,269,T,-6.726
F,269,S,-5.642
F,269,C,-4.919
F,269,G,-6.741
F,269,A,-6.422
F,269,V,-6.733
F,269,L,-5.014
F,269,I,-7.651
F,269,M,-7.549
F,269,P,-5.628
F,269,Y,0.789
F,269,F,0
F,269,W,-7.169
K,270,K,0
K,270,R,-6.184
K,270,H,-8.839
K,270,E,-11.778
K,270,D,-12.122
K,270,N,-9.411
K,270,Q,-8.243
K,270,T,-8.148
K,270,S,-8.038
K,270,C,-10.951
K,270,G,-8.675
K,270,A,-9.297
K,270,V,-9.87
K,270,L,-9.063
K,270,I,-10.703
K,270,M,-8.761
K,270,P,-9.071
K,270,Y,-10.773
K,270,F,-11.964
K,270,W,-13.162
D,271,K,-7.531
D,271,R,-8.511
D,271,H,-6.307
D,271,E,-4.007
D,271,D,0
D,271,N,-4.913
D,271,Q,-5.096
D,271,T,-3.954
D,271,S,-3.397
D,271,C,-8.076
D,271,G,-4.295
D,271,A,-3.485
D,271,V,-5.39
D,271,L,-6.168
D,271,I,-7.629
D,271,M,-6.55
D,271,P,-3.949
D,271,Y,-6.669
D,271,F,-7.739
D,271,W,-11.502
P,272,K,-6.005
P,272,R,-5.484
P,272,H,-4.306
P,272,E,-8.107
P,272,D,-8.366
P,272,N,-5.73
P,272,Q,-2.302
P,272,T,-4.775
P,272,S,-3.986
P,272,C,-6.603
P,272,G,-5.694
P,272,A,-5.295
P,272,V,-6.984
P,272,L,-6.272
P,272,I,-8.455
P,272,M,-7.493
P,272,P,0
P,272,Y,-5.523
P,272,F,-7.038
P,272,W,-9.272
T,273,K,-6.328
T,273,R,-6.538
T,273,H,-5.509
T,273,E,-7.3
T,273,D,-7.094
T,273,N,-5.096
T,273,Q,-4.798
T,273,T,0
T,273,S,-2.555
T,273,C,-5.337
T,273,G,-3.84
T,273,A,-3.029
T,273,V,-3.822
T,273,L,-3.026
T,273,I,-5.18
T,273,M,-4.041
T,273,P,-3.704
T,273,Y,-4.552
T,273,F,-5.269
T,273,W,-7.911
G,274,K,-6.02
G,274,R,-6.97
G,274,H,-5.8
G,274,E,-5.814
G,274,D,-4.848
G,274,N,-4.432
G,274,Q,-5.038
G,274,T,-3.987
G,274,S,-2.728
G,274,C,-5.874
G,274,G,0
G,274,A,-3.39
G,274,V,-6.066
G,274,L,-6.305
G,274,I,-7.852
G,274,M,-7.176
G,274,P,-3.501
G,274,Y,-6.956
G,274,F,-7.403
G,274,W,-10.659
T,275,K,-4.674
T,275,R,-5.914
T,275,H,-4.289
T,275,E,-5.625
T,275,D,-4.612
T,275,N,-3.75
T,275,Q,-3.484
T,275,T,0
T,275,S,-2.354
T,275,C,-5.69
T,275,G,-3.506
T,275,A,-2.765
T,275,V,-5.127
T,275,L,-4.22
T,275,I,-6.353
T,275,M,-5.163
T,275,P,-3.074
T,275,Y,-4.906
T,275,F,-5.663
T,275,W,-9.076
W,276,K,-7.975
W,276,R,-7.202
W,276,H,-5.863
W,276,E,-7.302
W,276,D,-7.089
W,276,N,-6.502
W,276,Q,-5.725
W,276,T,-5.122
W,276,S,-4.409
W,276,C,-5.626
W,276,G,-4.884
W,276,A,-5.193
W,276,V,-4.799
W,276,L,-2.548
W,276,I,-5.272
W,276,M,-5.023
W,276,P,-4.433
W,276,Y,-3.066
W,276,F,-2.969
W,276,W,0
K,277,K,0
K,277,R,-2.952
K,277,H,-4.522
K,277,E,-6.52
K,277,D,-5.091
K,277,N,-2.775
K,277,Q,-4.134
K,277,T,-3.833
K,277,S,-2.788
K,277,C,-6.508
K,277,G,-2.96
K,277,A,-3.981
K,277,V,-7.3
K,277,L,-7.429
K,277,I,-9.047
K,277,M,-7.739
K,277,P,-3.734
K,277,Y,-7.356
K,277,F,-9.137
K,277,W,-11.347
F,278,K,-6.402
F,278,R,-6.118
F,278,H,-4.975
F,278,E,-5.427
F,278,D,-4.156
F,278,N,-3.358
F,278,Q,-4.369
F,278,T,-2.618
F,278,S,-1.741
F,278,C,-4.159
F,278,G,-2.207
F,278,A,-2.704
F,278,V,-4.703
F,278,L,-4.133
F,278,I,-6.281
F,278,M,-4.911
F,278,P,-2.549
F,278,Y,-2.72
F,278,F,0
F,278,W,-7.218
T,279,K,-6.293
T,279,R,-6.736
T,279,H,-4.909
T,279,E,-5.953
T,279,D,-4.973
T,279,N,-3.265
T,279,Q,-4.035
T,279,T,0
T,279,S,-2.186
T,279,C,-6.22
T,279,G,-3.638
T,279,A,-3.901
T,279,V,-6.739
T,279,L,-6.834
T,279,I,-8.07
T,279,M,-7.336
T,279,P,-3.185
T,279,Y,-7.165
T,279,F,-8.309
T,279,W,-10.947
Y,280,K,-7.626
Y,280,R,-7.483
Y,280,H,-4.418
Y,280,E,-7.53
Y,280,D,-7.239
Y,280,N,-5.489
Y,280,Q,-5.451
Y,280,T,-4.728
Y,280,S,-4.092
Y,280,C,-5.984
Y,280,G,-4.367
Y,280,A,-4.375
Y,280,V,-5.653
Y,280,L,-5.89
Y,280,I,-7.36
Y,280,M,-6.923
Y,280,P,-4.041
Y,280,Y,0
Y,280,F,-4.544
Y,280,W,-7.634
N,281,K,-6.434
N,281,R,-6.893
N,281,H,-6.086
N,281,E,-7.553
N,281,D,-6.569
N,281,N,0
N,281,Q,-5.677
N,281,T,-3.811
N,281,S,-1.915
N,281,C,-7.307
N,281,G,-4.034
N,281,A,-4.874
N,281,V,-8.034
N,281,L,-8.578
N,281,I,-9.549
N,281,M,-8.912
N,281,P,-4.32
N,281,Y,-8.47
N,281,F,-9.828
N,281,W,-13.022
P,282,K,-6.4
P,282,R,-7.145
P,282,H,-5.841
P,282,E,-8.026
P,282,D,-7.864
P,282,N,-5.063
P,282,Q,-4.292
P,282,T,-4.105
P,282,S,-3.054
P,282,C,-7.623
P,282,G,-5.259
P,282,A,-4.581
P,282,V,-7.157
P,282,L,-7.418
P,282,I,-8.92
P,282,M,-7.965
P,282,P,0
P,282,Y,-7.659
P,282,F,-8.732
P,282,W,-11.593
M,283,K,-4.854
M,283,R,-6.263
M,283,H,-5.223
M,283,E,-7.102
M,283,D,-7.702
M,283,N,-5.582
M,283,Q,-3.826
M,283,T,-2.884
M,283,S,-3.154
M,283,C,-4.782
M,283,G,-3.944
M,283,A,-2.358
M,283,V,-1.317
M,283,L,-2.722
M,283,I,-3.408
M,283,M,0
M,283,P,-3.538
M,283,Y,-5.223
M,283,F,-6.042
M,283,W,-8.88
D,284,K,-8.345
D,284,R,-9.601
D,284,H,-6.433
D,284,E,-5.177
D,284,D,0
D,284,N,-3.282
D,284,Q,-6.591
D,284,T,-5.034
D,284,S,-3.661
D,284,C,-7.618
D,284,G,-3.672
D,284,A,-4.759
D,284,V,-6.446
D,284,L,-6.994
D,284,I,-8.031
D,284,M,-8.011
D,284,P,-5.839
D,284,Y,-6.777
D,284,F,-7.556
D,284,W,-11.904
P,285,K,-5.369
P,285,R,-5.346
P,285,H,-4.713
P,285,E,-9.05
P,285,D,-8.128
P,285,N,-3.08
P,285,Q,-4.735
P,285,T,-2.086
P,285,S,-0.903
P,285,C,-5.077
P,285,G,-3.82
P,285,A,-2.876
P,285,V,-6.034
P,285,L,-6.607
P,285,I,-7.386
P,285,M,-6.615
P,285,P,0
P,285,Y,-6.306
P,285,F,-7.425
P,285,W,-11.055
L,286,K,-8.89
L,286,R,-8.544
L,286,H,-8.294
L,286,E,-11.024
L,286,D,-11.979
L,286,N,-8.59
L,286,Q,-6.623
L,286,T,-5.512
L,286,S,-6.143
L,286,C,-7.219
L,286,G,-7.653
L,286,A,-6.229
L,286,V,-5.217
L,286,L,0
L,286,I,-5.978
L,286,M,-4.894
L,286,P,-7.136
L,286,Y,-7.778
L,286,F,-7.289
L,286,W,-9.2
D,287,K,-11.797
D,287,R,-13.602
D,287,H,-10.107
D,287,E,-4.564
D,287,D,0
D,287,N,-7.606
D,287,Q,-9.5
D,287,T,-9.491
D,287,S,-8.091
D,287,C,-11.731
D,287,G,-7.159
D,287,A,-8.616
D,287,V,-10.976
D,287,L,-12.157
D,287,I,-13.164
D,287,M,-13.107
D,287,P,-9.529
D,287,Y,-12.093
D,287,F,-13.234
D,287,W,-16.202
Y,288,K,-9.977
Y,288,R,-9.141
Y,288,H,-6.805
Y,288,E,-11.814
Y,288,D,-11.68
Y,288,N,-8.332
Y,288,Q,-7.544
Y,288,T,-7.113
Y,288,S,-6.163
Y,288,C,-6.399
Y,288,G,-8.192
Y,288,A,-7.122
Y,288,V,-6.592
Y,288,L,-4.867
Y,288,I,-7.157
Y,288,M,-6.981
Y,288,P,-6.039
Y,288,Y,0
Y,288,F,-1.304
Y,288,W,-9.042
K,289,K,0
K,289,R,-7.457
K,289,H,-12.304
K,289,E,-13.242
K,289,D,-14.162
K,289,N,-11.076
K,289,Q,-10.301
K,289,T,-10.048
K,289,S,-10.653
K,289,C,-14.512
K,289,G,-11.332
K,289,A,-12.106
K,289,V,-12.928
K,289,L,-13.55
K,289,I,-14.562
K,289,M,-12.284
K,289,P,-12.226
K,289,Y,-15.808
K,289,F,-16.814
K,289,W,-17.433
D,290,K,-12.724
D,290,R,-14.58
D,290,H,-11.154
D,290,E,-5.566
D,290,D,0
D,290,N,-9.045
D,290,Q,-9.875
D,290,T,-9.759
D,290,S,-9.427
D,290,C,-13.603
D,290,G,-8.756
D,290,A,-9.267
D,290,V,-11.558
D,290,L,-13.151
D,290,I,-14.08
D,290,M,-13.671
D,290,P,-9.866
D,290,Y,-12.555
D,290,F,-14.282
D,290,W,-17.699
Q,291,K,-7.927
Q,291,R,-7.946
Q,291,H,-5.758
Q,291,E,-8.64
Q,291,D,-8.753
Q,291,N,-6.645
Q,291,Q,0
Q,291,T,-6.378
Q,291,S,-5.674
Q,291,C,-9.448
Q,291,G,-7.787
Q,291,A,-6.839
Q,291,V,-9.345
Q,291,L,-8.331
Q,291,I,-10.576
Q,291,M,-9.26
Q,291,P,-3.198
Q,291,Y,-9.357
Q,291,F,-10.318
Q,291,W,-13.24
S,292,K,-7.967
S,292,R,-8.753
S,292,H,-8.358
S,292,E,-9.106
S,292,D,-8.837
S,292,N,-4.85
S,292,Q,-6.941
S,292,T,-3.889
S,292,S,0
S,292,C,-7.659
S,292,G,-5.019
S,292,A,-3.582
S,292,V,-7.044
S,292,L,-7.906
S,292,I,-8.962
S,292,M,-7.597
S,292,P,-5.465
S,292,Y,-10.472
S,292,F,-10.401
S,292,W,-13.207
A,293,K,-9.524
A,293,R,-10.397
A,293,H,-8.885
A,293,E,-9.21
A,293,D,-7.852
A,293,N,-5.58
A,293,Q,-8.445
A,293,T,-4.521
A,293,S,-2.624
A,293,C,-7.395
A,293,G,-5.32
A,293,A,0
A,293,V,-7.774
A,293,L,-8.599
A,293,I,-9.669
A,293,M,-9.406
A,293,P,-6.683
A,293,Y,-9.625
A,293,F,-9.58
A,293,W,-12.804
W,294,K,-18.547
W,294,R,-15.21
W,294,H,-15.846
W,294,E,-17.629
W,294,D,-17.446
W,294,N,-16.183
W,294,Q,-15.691
W,294,T,-14.858
W,294,S,-13.565
W,294,C,-12.242
W,294,G,-14.029
W,294,A,-15.699
W,294,V,-14.891
W,294,L,-12.875
W,294,I,-14.686
W,294,M,-14.893
W,294,P,-15.127
W,294,Y,-12.95
W,294,F,-12.075
W,294,W,0
K,295,K,0
K,295,R,-1.409
K,295,H,-7.976
K,295,E,-12.934
K,295,D,-12.415
K,295,N,-7.8
K,295,Q,-8.184
K,295,T,-9.997
K,295,S,-9.007
K,295,C,-10.886
K,295,G,-8.951
K,295,A,-10.532
K,295,V,-13.894
K,295,L,-13.844
K,295,I,-14.459
K,295,M,-12.81
K,295,P,-10.51
K,295,Y,-13.269
K,295,F,-16.218
K,295,W,-13.122
F,296,K,-17.038
F,296,R,-15.724
F,296,H,-11.258
F,296,E,-16.588
F,296,D,-15.513
F,296,N,-13.633
F,296,Q,-13.609
F,296,T,-13.126
F,296,S,-11.523
F,296,C,-10.74
F,296,G,-14.287
F,296,A,-13.469
F,296,V,-12.222
F,296,L,-9.712
F,296,I,-12.328
F,296,M,-12.045
F,296,P,-13.355
F,296,Y,-5.518
F,296,F,0
F,296,W,-13.064
Q,297,K,-13.375
Q,297,R,-12.836
Q,297,H,-8.108
Q,297,E,-10.667
Q,297,D,-12.112
Q,297,N,-10.716
Q,297,Q,0
Q,297,T,-12.011
Q,297,S,-11.027
Q,297,C,-15.537
Q,297,G,-12.825
Q,297,A,-12.638
Q,297,V,-15.917
Q,297,L,-14.614
Q,297,I,-17.246
Q,297,M,-15.325
Q,297,P,-9.866
Q,297,Y,-15.493
Q,297,F,-17.511
Q,297,W,-17.663
I,298,K,-11.463
I,298,R,-10.951
I,298,H,-10.334
I,298,E,-9.678
I,298,D,-9.817
I,298,N,-9.096
I,298,Q,-9.33
I,298,T,-4.577
I,298,S,-6.265
I,298,C,-9.054
I,298,G,-8.338
I,298,A,-1.077
I,298,V,1.556
I,298,L,-5.888
I,298,I,0
I,298,M,-3.219
I,298,P,-4.602
I,298,Y,-11.173
I,298,F,-9.347
I,298,W,-12.143
L,299,K,-13.244
L,299,R,-12.575
L,299,H,-12.046
L,299,E,-14.056
L,299,D,-14.787
L,299,N,-11.968
L,299,Q,-10.032
L,299,T,-10.644
L,299,S,-10.941
L,299,C,-13.116
L,299,G,-14.052
L,299,A,-12.385
L,299,V,-9.989
L,299,L,0
L,299,I,-8.323
L,299,M,-7.365
L,299,P,-10.919
L,299,Y,-13.303
L,299,F,-9.65
L,299,W,-13.895